PROV_CODE,MUN_CODE,BGY_CODE,DATE,RAB_ANIMBITE_M,RAB_ANIMBITE_F
RIZAL,TAYTAY,Muzon,01/01/2025,0,0
RIZAL,TAYTAY,Dolores (Pob.),01/01/2025,0,0
RIZAL,TAYTAY,San Isidro,01/01/2025,528,667
RIZAL,TAYTAY,San Juan,01/01/2025,0,0
RIZAL,TAYTAY,Santa Ana,01/01/2025,0,0
RIZAL,ANGONO,San Vicente,01/01/2025,0,0
RIZAL,ANGONO,Santo Niño,01/01/2025,0,0
RIZAL,ANGONO,Mahabang Parang,01/01/2025,1,2
RIZAL,ANGONO,Bagumbayan,01/01/2025,0,0
RIZAL,ANGONO,Kalayaan,01/01/2025,0,0
RIZAL,ANGONO,Poblacion Ibaba,01/01/2025,0,0
RIZAL,ANGONO,Poblacion Itaas,01/01/2025,0,0
RIZAL,ANGONO,San Isidro,01/01/2025,0,0
RIZAL,ANGONO,San Pedro,01/01/2025,0,0
RIZAL,ANGONO,San Roque,01/01/2025,0,0
RIZAL,CITY OF ANTIPOLO,Santa Cruz,01/01/2025,70,108
RIZAL,CITY OF ANTIPOLO,Bagong Nayon,01/01/2025,49,41
RIZAL,CITY OF ANTIPOLO,Beverly Hills,01/01/2025,3,1
RIZAL,CITY OF ANTIPOLO,Calawis,01/01/2025,13,11
RIZAL,CITY OF ANTIPOLO,Cupang,01/01/2025,47,62
RIZAL,CITY OF ANTIPOLO,Dalig,01/01/2025,66,77
RIZAL,CITY OF ANTIPOLO,Dela Paz (Pob.),01/01/2025,103,134
RIZAL,CITY OF ANTIPOLO,Inarawan,01/01/2025,35,54
RIZAL,CITY OF ANTIPOLO,Mambugan,01/01/2025,42,64
RIZAL,CITY OF ANTIPOLO,Mayamot,01/01/2025,56,77
RIZAL,CITY OF ANTIPOLO,Muntingdilaw,01/01/2025,11,9
RIZAL,CITY OF ANTIPOLO,San Isidro (Pob.),01/01/2025,71,75
RIZAL,CITY OF ANTIPOLO,San Jose (Pob.),01/01/2025,170,206
RIZAL,CITY OF ANTIPOLO,San Juan,01/01/2025,8,21
RIZAL,CITY OF ANTIPOLO,San Luis,01/01/2025,58,99
RIZAL,CITY OF ANTIPOLO,San Roque (Pob.),01/01/2025,102,121
RIZAL,CAINTA,Santo Domingo,01/01/2025,0,0
RIZAL,CAINTA,San Andres (Pob.),01/01/2025,5,12
RIZAL,CAINTA,San Juan,01/01/2025,7,2
RIZAL,CAINTA,San Isidro,01/01/2025,5,9
RIZAL,CAINTA,Santo Niño,01/01/2025,0,0
RIZAL,CAINTA,Santa Rosa,01/01/2025,0,0
RIZAL,CAINTA,San Roque,01/01/2025,0,0
RIZAL,ANGONO,Bagumbayan,02/01/2025,3,8
RIZAL,ANGONO,Kalayaan,02/01/2025,25,41
RIZAL,ANGONO,Mahabang Parang,02/01/2025,19,32
RIZAL,ANGONO,Poblacion Ibaba,02/01/2025,10,18
RIZAL,ANGONO,Poblacion Itaas,02/01/2025,3,6
RIZAL,ANGONO,San Isidro,02/01/2025,55,82
RIZAL,ANGONO,San Roque,02/01/2025,13,23
RIZAL,ANGONO,San Pedro,02/01/2025,3,2
RIZAL,ANGONO,San Vicente,02/01/2025,21,37
RIZAL,ANGONO,Santo Niño,02/01/2025,7,3
RIZAL,CITY OF ANTIPOLO,Bagong Nayon,02/01/2025,59,56
RIZAL,CITY OF ANTIPOLO,Beverly Hills,02/01/2025,4,1
RIZAL,CITY OF ANTIPOLO,Calawis,02/01/2025,8,10
RIZAL,CITY OF ANTIPOLO,Cupang,02/01/2025,73,84
RIZAL,CITY OF ANTIPOLO,Dalig,02/01/2025,93,115
RIZAL,CITY OF ANTIPOLO,Dela Paz (Pob.),02/01/2025,116,160
RIZAL,CITY OF ANTIPOLO,Inarawan,02/01/2025,56,55
RIZAL,CITY OF ANTIPOLO,Mambugan,02/01/2025,64,75
RIZAL,CITY OF ANTIPOLO,Mayamot,02/01/2025,71,88
RIZAL,CITY OF ANTIPOLO,Muntingdilaw,02/01/2025,10,14
RIZAL,CITY OF ANTIPOLO,San Isidro (Pob.),02/01/2025,93,86
RIZAL,CITY OF ANTIPOLO,San Jose (Pob.),02/01/2025,177,202
RIZAL,CITY OF ANTIPOLO,San Juan,02/01/2025,9,25
RIZAL,CITY OF ANTIPOLO,San Luis,02/01/2025,92,123
RIZAL,CITY OF ANTIPOLO,San Roque (Pob.),02/01/2025,123,140
RIZAL,CITY OF ANTIPOLO,Santa Cruz,02/01/2025,93,114
RIZAL,CAINTA,Santo Domingo,02/01/2025,68,94
RIZAL,CAINTA,San Juan,02/01/2025,166,264
RIZAL,CAINTA,San Isidro,02/01/2025,79,92
RIZAL,CAINTA,Santa Rosa,02/01/2025,1,6
RIZAL,CAINTA,Santo Niño,02/01/2025,14,11
RIZAL,CAINTA,San Roque,02/01/2025,30,30
RIZAL,CAINTA,San Andres (Pob.),02/01/2025,154,205
RIZAL,TAYTAY,Dolores (Pob.),02/01/2025,0,0
RIZAL,TAYTAY,Muzon,02/01/2025,0,0
RIZAL,TAYTAY,San Isidro,02/01/2025,400,519
RIZAL,TAYTAY,San Juan,02/01/2025,0,0
RIZAL,TAYTAY,Santa Ana,02/01/2025,0,0
RIZAL,TAYTAY,Dolores (Pob.),03/01/2025,0,0
RIZAL,TAYTAY,San Isidro,03/01/2025,525,756
RIZAL,TAYTAY,Muzon,03/01/2025,0,0
RIZAL,TAYTAY,San Juan,03/01/2025,0,0
RIZAL,TAYTAY,Santa Ana,03/01/2025,0,0
RIZAL,ANGONO,Mahabang Parang,03/01/2025,40,61
RIZAL,ANGONO,Bagumbayan,03/01/2025,5,3
RIZAL,ANGONO,Kalayaan,03/01/2025,17,36
RIZAL,ANGONO,Poblacion Ibaba,03/01/2025,5,4
RIZAL,ANGONO,Poblacion Itaas,03/01/2025,0,1
RIZAL,ANGONO,San Isidro,03/01/2025,61,56
RIZAL,ANGONO,San Pedro,03/01/2025,7,6
RIZAL,ANGONO,San Roque,03/01/2025,25,48
RIZAL,ANGONO,San Vicente,03/01/2025,29,30
RIZAL,ANGONO,Santo Niño,03/01/2025,1,4
RIZAL,CITY OF ANTIPOLO,Santa Cruz,03/01/2025,75,110
RIZAL,CITY OF ANTIPOLO,Bagong Nayon,03/01/2025,51,43
RIZAL,CITY OF ANTIPOLO,Beverly Hills,03/01/2025,1,0
RIZAL,CITY OF ANTIPOLO,Calawis,03/01/2025,11,9
RIZAL,CITY OF ANTIPOLO,Cupang,03/01/2025,45,60
RIZAL,CITY OF ANTIPOLO,Dalig,03/01/2025,64,75
RIZAL,CITY OF ANTIPOLO,Dela Paz (Pob.),03/01/2025,115,136
RIZAL,CITY OF ANTIPOLO,Inarawan,03/01/2025,37,56
RIZAL,CITY OF ANTIPOLO,Mambugan,03/01/2025,44,66
RIZAL,CITY OF ANTIPOLO,Mayamot,03/01/2025,58,79
RIZAL,CITY OF ANTIPOLO,Muntingdilaw,03/01/2025,13,11
RIZAL,CITY OF ANTIPOLO,San Isidro (Pob.),03/01/2025,69,73
RIZAL,CITY OF ANTIPOLO,San Jose (Pob.),03/01/2025,168,204
RIZAL,CITY OF ANTIPOLO,San Juan,03/01/2025,10,22
RIZAL,CITY OF ANTIPOLO,San Luis,03/01/2025,57,95
RIZAL,CITY OF ANTIPOLO,San Roque (Pob.),03/01/2025,105,115
RIZAL,CAINTA,San Andres (Pob.),03/01/2025,173,233
RIZAL,CAINTA,San Isidro,03/01/2025,71,92
RIZAL,CAINTA,San Juan,03/01/2025,223,237
RIZAL,CAINTA,San Roque,03/01/2025,15,33
RIZAL,CAINTA,Santa Rosa,03/01/2025,10,5
RIZAL,CAINTA,Santo Domingo,03/01/2025,84,103
RIZAL,CAINTA,Santo Niño,03/01/2025,9,18
RIZAL,TAYTAY,Dolores (Pob.),04/01/2025,0,0
RIZAL,TAYTAY,Muzon,04/01/2025,0,0
RIZAL,TAYTAY,San Isidro,04/01/2025,689,537
RIZAL,TAYTAY,Santa Ana,04/01/2025,0,0
RIZAL,TAYTAY,San Juan,04/01/2025,0,0
RIZAL,ANGONO,Poblacion Ibaba,04/01/2025,12,12
RIZAL,ANGONO,San Isidro,04/01/2025,94,140
RIZAL,ANGONO,San Vicente,04/01/2025,49,67
RIZAL,ANGONO,San Roque,04/01/2025,39,62
RIZAL,ANGONO,Santo Niño,04/01/2025,8,14
RIZAL,ANGONO,Bagumbayan,04/01/2025,10,13
RIZAL,ANGONO,Kalayaan,04/01/2025,50,66
RIZAL,ANGONO,Mahabang Parang,04/01/2025,88,84
RIZAL,ANGONO,Poblacion Itaas,04/01/2025,2,0
RIZAL,ANGONO,San Pedro,04/01/2025,9,1
RIZAL,CITY OF ANTIPOLO,Bagong Nayon,04/01/2025,59,56
RIZAL,CITY OF ANTIPOLO,Beverly Hills,04/01/2025,4,1
RIZAL,CITY OF ANTIPOLO,Calawis,04/01/2025,8,10
RIZAL,CITY OF ANTIPOLO,Cupang,04/01/2025,73,84
RIZAL,CITY OF ANTIPOLO,Dalig,04/01/2025,93,115
RIZAL,CITY OF ANTIPOLO,Dela Paz (Pob.),04/01/2025,116,160
RIZAL,CITY OF ANTIPOLO,Inarawan,04/01/2025,56,55
RIZAL,CITY OF ANTIPOLO,Mambugan,04/01/2025,64,75
RIZAL,CITY OF ANTIPOLO,Mayamot,04/01/2025,71,88
RIZAL,CITY OF ANTIPOLO,Muntingdilaw,04/01/2025,10,14
RIZAL,CITY OF ANTIPOLO,San Isidro (Pob.),04/01/2025,93,86
RIZAL,CITY OF ANTIPOLO,San Jose (Pob.),04/01/2025,177,202
RIZAL,CITY OF ANTIPOLO,San Juan,04/01/2025,9,25
RIZAL,CITY OF ANTIPOLO,San Luis,04/01/2025,92,123
RIZAL,CITY OF ANTIPOLO,San Roque (Pob.),04/01/2025,123,140
RIZAL,CITY OF ANTIPOLO,Santa Cruz,04/01/2025,93,114
RIZAL,CAINTA,San Andres (Pob.),04/01/2025,5,3
RIZAL,CAINTA,Santo Domingo,04/01/2025,0,0
RIZAL,CAINTA,San Juan,04/01/2025,10,7
RIZAL,CAINTA,San Isidro,04/01/2025,14,14
RIZAL,CAINTA,Santo Niño,04/01/2025,0,0
RIZAL,CAINTA,Santa Rosa,04/01/2025,0,0
RIZAL,CAINTA,San Roque,04/01/2025,0,0
RIZAL,TAYTAY,Dolores (Pob.),05/01/2025,0,0
RIZAL,TAYTAY,Muzon,05/01/2025,0,0
RIZAL,TAYTAY,San Isidro,05/01/2025,895,686
RIZAL,TAYTAY,San Juan,05/01/2025,0,0
RIZAL,TAYTAY,Santa Ana,05/01/2025,0,0
RIZAL,ANGONO,San Isidro,05/01/2025,133,210
RIZAL,ANGONO,San Roque,05/01/2025,38,75
RIZAL,ANGONO,Kalayaan,05/01/2025,45,85
RIZAL,ANGONO,San Vicente,05/01/2025,25,42
RIZAL,ANGONO,Bagumbayan,05/01/2025,24,20
RIZAL,ANGONO,San Pedro,05/01/2025,12,12
RIZAL,ANGONO,Santo Niño,05/01/2025,10,13
RIZAL,ANGONO,Poblacion Ibaba,05/01/2025,17,18
RIZAL,ANGONO,Poblacion Itaas,05/01/2025,2,1
RIZAL,ANGONO,Mahabang Parang,05/01/2025,106,141
RIZAL,CITY OF ANTIPOLO,San Luis,05/01/2025,0,0
RIZAL,CITY OF ANTIPOLO,Santa Cruz,05/01/2025,0,0
RIZAL,CITY OF ANTIPOLO,Muntingdilaw,05/01/2025,0,0
RIZAL,CITY OF ANTIPOLO,Calawis,05/01/2025,0,0
RIZAL,CITY OF ANTIPOLO,Cupang,05/01/2025,0,0
RIZAL,CITY OF ANTIPOLO,Dela Paz (Pob.),05/01/2025,0,0
RIZAL,CITY OF ANTIPOLO,Mayamot,05/01/2025,0,0
RIZAL,CITY OF ANTIPOLO,San Isidro (Pob.),05/01/2025,0,0
RIZAL,CITY OF ANTIPOLO,San Jose (Pob.),05/01/2025,0,0
RIZAL,CITY OF ANTIPOLO,San Roque (Pob.),05/01/2025,1455,1663
RIZAL,CITY OF ANTIPOLO,Mambugan,05/01/2025,0,0
RIZAL,CITY OF ANTIPOLO,Bagong Nayon,05/01/2025,0,0
RIZAL,CITY OF ANTIPOLO,Beverly Hills,05/01/2025,0,0
RIZAL,CITY OF ANTIPOLO,Dalig,05/01/2025,0,0
RIZAL,CITY OF ANTIPOLO,Inarawan,05/01/2025,0,0
RIZAL,CITY OF ANTIPOLO,San Juan,05/01/2025,0,0
RIZAL,CAINTA,San Andres (Pob.),05/01/2025,187,242
RIZAL,CAINTA,Santo Domingo,05/01/2025,82,115
RIZAL,CAINTA,San Juan,05/01/2025,164,238
RIZAL,CAINTA,San Isidro,05/01/2025,83,85
RIZAL,CAINTA,Santo Niño,05/01/2025,13,21
RIZAL,CAINTA,Santa Rosa,05/01/2025,7,4
RIZAL,CAINTA,San Roque,05/01/2025,26,35
RIZAL,TAYTAY,Dolores (Pob.),06/01/2025,0,0
RIZAL,TAYTAY,Muzon,06/01/2025,0,0
RIZAL,TAYTAY,San Isidro,06/01/2025,805,1141
RIZAL,TAYTAY,Santa Ana,06/01/2025,0,0
RIZAL,TAYTAY,San Juan,06/01/2025,0,0
RIZAL,ANGONO,San Isidro,06/01/2025,180,261
RIZAL,ANGONO,San Vicente,06/01/2025,91,103
RIZAL,ANGONO,Kalayaan,06/01/2025,109,149
RIZAL,ANGONO,San Roque,06/01/2025,85,102
RIZAL,ANGONO,Poblacion Ibaba,06/01/2025,17,34
RIZAL,ANGONO,Poblacion Itaas,06/01/2025,8,9
RIZAL,ANGONO,Santo Niño,06/01/2025,16,17
RIZAL,ANGONO,Bagumbayan,06/01/2025,10,24
RIZAL,ANGONO,San Pedro,06/01/2025,14,23
RIZAL,ANGONO,Mahabang Parang,06/01/2025,196,238
RIZAL,CITY OF ANTIPOLO,San Roque (Pob.),06/01/2025,1501,1629
RIZAL,CITY OF ANTIPOLO,Bagong Nayon,06/01/2025,0,0
RIZAL,CITY OF ANTIPOLO,Beverly Hills,06/01/2025,0,0
RIZAL,CITY OF ANTIPOLO,Calawis,06/01/2025,0,0
RIZAL,CITY OF ANTIPOLO,Cupang,06/01/2025,0,0
RIZAL,CITY OF ANTIPOLO,Dalig,06/01/2025,0,0
RIZAL,CITY OF ANTIPOLO,Dela Paz (Pob.),06/01/2025,0,0
RIZAL,CITY OF ANTIPOLO,Inarawan,06/01/2025,0,0
RIZAL,CITY OF ANTIPOLO,Mambugan,06/01/2025,0,0
RIZAL,CITY OF ANTIPOLO,Mayamot,06/01/2025,0,0
RIZAL,CITY OF ANTIPOLO,Muntingdilaw,06/01/2025,0,0
RIZAL,CITY OF ANTIPOLO,San Isidro (Pob.),06/01/2025,0,0
RIZAL,CITY OF ANTIPOLO,San Jose (Pob.),06/01/2025,0,0
RIZAL,CITY OF ANTIPOLO,San Juan,06/01/2025,0,0
RIZAL,CITY OF ANTIPOLO,San Luis,06/01/2025,0,0
RIZAL,CITY OF ANTIPOLO,Santa Cruz,06/01/2025,0,0
RIZAL,CAINTA,San Roque,06/01/2025,30,47
RIZAL,CAINTA,Santa Rosa,06/01/2025,8,10
RIZAL,CAINTA,Santo Niño,06/01/2025,17,26
RIZAL,CAINTA,San Andres (Pob.),06/01/2025,205,287
RIZAL,CAINTA,Santo Domingo,06/01/2025,87,127
RIZAL,CAINTA,San Juan,06/01/2025,162,275
RIZAL,CAINTA,San Isidro,06/01/2025,77,97
RIZAL,TAYTAY,Dolores (Pob.),07/01/2025,0,0
RIZAL,TAYTAY,Muzon,07/01/2025,0,0
RIZAL,TAYTAY,San Isidro,07/01/2025,0,0
RIZAL,TAYTAY,San Juan,07/01/2025,0,0
RIZAL,TAYTAY,Santa Ana,07/01/2025,0,0
RIZAL,ANGONO,San Isidro,07/01/2025,138,172
RIZAL,ANGONO,Kalayaan,07/01/2025,77,107
RIZAL,ANGONO,San Vicente,07/01/2025,57,81
RIZAL,ANGONO,San Roque,07/01/2025,52,68
RIZAL,ANGONO,San Pedro,07/01/2025,13,12
RIZAL,ANGONO,Bagumbayan,07/01/2025,16,9
RIZAL,ANGONO,Poblacion Ibaba,07/01/2025,21,22
RIZAL,ANGONO,Poblacion Itaas,07/01/2025,1,5
RIZAL,ANGONO,Santo Niño,07/01/2025,12,6
RIZAL,ANGONO,Mahabang Parang,07/01/2025,9,9
RIZAL,CITY OF ANTIPOLO,Bagong Nayon,07/01/2025,0,0
RIZAL,CITY OF ANTIPOLO,Beverly Hills,07/01/2025,0,0
RIZAL,CITY OF ANTIPOLO,Calawis,07/01/2025,0,0
RIZAL,CITY OF ANTIPOLO,Cupang,07/01/2025,0,0
RIZAL,CITY OF ANTIPOLO,Dalig,07/01/2025,0,0
RIZAL,CITY OF ANTIPOLO,Dela Paz (Pob.),07/01/2025,0,0
RIZAL,CITY OF ANTIPOLO,Inarawan,07/01/2025,0,0
RIZAL,CITY OF ANTIPOLO,Mambugan,07/01/2025,0,0
RIZAL,CITY OF ANTIPOLO,Mayamot,07/01/2025,0,0
RIZAL,CITY OF ANTIPOLO,Muntingdilaw,07/01/2025,0,0
RIZAL,CITY OF ANTIPOLO,San Isidro (Pob.),07/01/2025,0,0
RIZAL,CITY OF ANTIPOLO,San Jose (Pob.),07/01/2025,0,0
RIZAL,CITY OF ANTIPOLO,San Juan,07/01/2025,0,0
RIZAL,CITY OF ANTIPOLO,San Luis,07/01/2025,0,0
RIZAL,CITY OF ANTIPOLO,San Roque (Pob.),07/01/2025,1620,1786
RIZAL,CITY OF ANTIPOLO,Santa Cruz,07/01/2025,0,0
RIZAL,CAINTA,San Andres (Pob.),07/01/2025,216,250
RIZAL,CAINTA,Santo Domingo,07/01/2025,89,100
RIZAL,CAINTA,San Juan,07/01/2025,191,253
RIZAL,CAINTA,San Isidro,07/01/2025,75,87
RIZAL,CAINTA,Santa Rosa,07/01/2025,4,2
RIZAL,CAINTA,Santo Niño,07/01/2025,16,17
RIZAL,CAINTA,San Roque,07/01/2025,27,36
RIZAL,ANGONO,Mahabang Parang,01/01/2024,90,93
RIZAL,ANGONO,Bagumbayan,01/01/2024,5,6
RIZAL,ANGONO,Kalayaan,01/01/2024,44,38
RIZAL,ANGONO,Poblacion Ibaba,01/01/2024,8,10
RIZAL,ANGONO,Poblacion Itaas,01/01/2024,6,4
RIZAL,ANGONO,San Isidro,01/01/2024,51,69
RIZAL,ANGONO,San Pedro,01/01/2024,2,5
RIZAL,ANGONO,San Roque,01/01/2024,24,28
RIZAL,ANGONO,San Vicente,01/01/2024,39,37
RIZAL,ANGONO,Santo Niño,01/01/2024,5,6
RIZAL,TAYTAY,Dolores (Pob.),01/01/2024,111,90
RIZAL,TAYTAY,Muzon,01/01/2024,53,37
RIZAL,TAYTAY,San Isidro,01/01/2024,62,54
RIZAL,TAYTAY,San Juan,01/01/2024,160,164
RIZAL,TAYTAY,Santa Ana,01/01/2024,81,97
RIZAL,ANGONO,San Pedro,02/01/2024,5,8
RIZAL,ANGONO,Poblacion Ibaba,02/01/2024,9,8
RIZAL,ANGONO,Santo Niño,02/01/2024,4,8
RIZAL,ANGONO,San Roque,02/01/2024,18,22
RIZAL,ANGONO,Mahabang Parang,02/01/2024,48,76
RIZAL,ANGONO,San Vicente,02/01/2024,24,33
RIZAL,ANGONO,Bagumbayan,02/01/2024,4,7
RIZAL,ANGONO,Kalayaan,02/01/2024,34,37
RIZAL,ANGONO,Poblacion Itaas,02/01/2024,2,1
RIZAL,ANGONO,San Isidro,02/01/2024,75,74
RIZAL,CITY OF ANTIPOLO,Bagong Nayon,01/01/2024,42,40
RIZAL,CITY OF ANTIPOLO,Beverly Hills,01/01/2024,1,5
RIZAL,CITY OF ANTIPOLO,Calawis,01/01/2024,8,7
RIZAL,CITY OF ANTIPOLO,Cupang,01/01/2024,48,55
RIZAL,CITY OF ANTIPOLO,Dalig,01/01/2024,49,76
RIZAL,CITY OF ANTIPOLO,Dela Paz (Pob.),01/01/2024,72,85
RIZAL,CITY OF ANTIPOLO,Inarawan,01/01/2024,24,27
RIZAL,CITY OF ANTIPOLO,Mambugan,01/01/2024,29,43
RIZAL,CITY OF ANTIPOLO,Mayamot,01/01/2024,47,57
RIZAL,CITY OF ANTIPOLO,Muntingdilaw,01/01/2024,6,5
RIZAL,CITY OF ANTIPOLO,San Isidro (Pob.),01/01/2024,53,68
RIZAL,CITY OF ANTIPOLO,San Jose (Pob.),01/01/2024,116,117
RIZAL,CITY OF ANTIPOLO,San Juan,01/01/2024,14,16
RIZAL,CITY OF ANTIPOLO,San Luis,01/01/2024,69,91
RIZAL,CITY OF ANTIPOLO,San Roque (Pob.),01/01/2024,69,81
RIZAL,CITY OF ANTIPOLO,Santa Cruz,01/01/2024,54,72
RIZAL,CAINTA,San Isidro,01/01/2024,39,73
RIZAL,CAINTA,Santa Rosa,01/01/2024,1,2
RIZAL,CAINTA,San Andres (Pob.),01/01/2024,135,138
RIZAL,CAINTA,Santo Niño,01/01/2024,2,8
RIZAL,CAINTA,San Roque,01/01/2024,37,43
RIZAL,CAINTA,Santo Domingo,01/01/2024,59,55
RIZAL,CAINTA,San Juan,01/01/2024,133,148
RIZAL,CITY OF ANTIPOLO,Bagong Nayon,02/01/2024,45,48
RIZAL,CITY OF ANTIPOLO,Beverly Hills,02/01/2024,1,0
RIZAL,CITY OF ANTIPOLO,Calawis,02/01/2024,11,8
RIZAL,CITY OF ANTIPOLO,Cupang,02/01/2024,61,67
RIZAL,CITY OF ANTIPOLO,Dalig,02/01/2024,51,66
RIZAL,CITY OF ANTIPOLO,Dela Paz (Pob.),02/01/2024,61,100
RIZAL,CITY OF ANTIPOLO,Inarawan,02/01/2024,22,31
RIZAL,CITY OF ANTIPOLO,Mambugan,02/01/2024,37,42
RIZAL,CITY OF ANTIPOLO,Mayamot,02/01/2024,40,54
RIZAL,CITY OF ANTIPOLO,Muntingdilaw,02/01/2024,8,8
RIZAL,CITY OF ANTIPOLO,San Isidro (Pob.),02/01/2024,54,61
RIZAL,CITY OF ANTIPOLO,San Jose (Pob.),02/01/2024,106,139
RIZAL,CITY OF ANTIPOLO,San Juan,02/01/2024,10,12
RIZAL,CITY OF ANTIPOLO,San Luis,02/01/2024,63,67
RIZAL,CITY OF ANTIPOLO,San Roque (Pob.),02/01/2024,76,77
RIZAL,CITY OF ANTIPOLO,Santa Cruz,02/01/2024,55,66
RIZAL,CAINTA,San Andres (Pob.),02/01/2024,128,164
RIZAL,CAINTA,Santo Domingo,02/01/2024,59,79
RIZAL,CAINTA,San Juan,02/01/2024,135,170
RIZAL,CAINTA,San Isidro,02/01/2024,44,84
RIZAL,CAINTA,Santa Rosa,02/01/2024,1,3
RIZAL,CAINTA,Santo Niño,02/01/2024,0,0
RIZAL,CAINTA,San Roque,02/01/2024,28,33
RIZAL,TAYTAY,Dolores (Pob.),02/01/2024,74,113
RIZAL,TAYTAY,Muzon,02/01/2024,37,41
RIZAL,TAYTAY,San Isidro,02/01/2024,43,44
RIZAL,TAYTAY,San Juan,02/01/2024,128,176
RIZAL,TAYTAY,Santa Ana,02/01/2024,77,93
RIZAL,ANGONO,Mahabang Parang,03/01/2024,63,78
RIZAL,ANGONO,Kalayaan,03/01/2024,27,47
RIZAL,ANGONO,San Vicente,03/01/2024,22,34
RIZAL,ANGONO,Poblacion Itaas,03/01/2024,0,4
RIZAL,ANGONO,Bagumbayan,03/01/2024,3,4
RIZAL,ANGONO,San Isidro,03/01/2024,51,49
RIZAL,ANGONO,Santo Niño,03/01/2024,6,10
RIZAL,ANGONO,San Pedro,03/01/2024,2,12
RIZAL,ANGONO,San Roque,03/01/2024,20,21
RIZAL,ANGONO,Poblacion Ibaba,03/01/2024,4,10
RIZAL,CITY OF ANTIPOLO,Santa Cruz,03/01/2024,70,108
RIZAL,CITY OF ANTIPOLO,Bagong Nayon,03/01/2024,49,41
RIZAL,CITY OF ANTIPOLO,Beverly Hills,03/01/2024,3,1
RIZAL,CITY OF ANTIPOLO,Calawis,03/01/2024,13,11
RIZAL,CITY OF ANTIPOLO,Cupang,03/01/2024,47,62
RIZAL,CITY OF ANTIPOLO,Dalig,03/01/2024,66,77
RIZAL,CITY OF ANTIPOLO,Dela Paz (Pob.),03/01/2024,103,134
RIZAL,CITY OF ANTIPOLO,Inarawan,03/01/2024,35,54
RIZAL,CITY OF ANTIPOLO,Mambugan,03/01/2024,42,64
RIZAL,CITY OF ANTIPOLO,Mayamot,03/01/2024,56,77
RIZAL,CITY OF ANTIPOLO,Muntingdilaw,03/01/2024,11,9
RIZAL,CITY OF ANTIPOLO,San Isidro (Pob.),03/01/2024,71,75
RIZAL,CITY OF ANTIPOLO,San Jose (Pob.),03/01/2024,170,206
RIZAL,CITY OF ANTIPOLO,San Juan,03/01/2024,8,21
RIZAL,CITY OF ANTIPOLO,San Luis,03/01/2024,58,99
RIZAL,CITY OF ANTIPOLO,San Roque (Pob.),03/01/2024,102,121
RIZAL,CAINTA,Santo Niño,03/01/2024,7,14
RIZAL,CAINTA,San Andres (Pob.),03/01/2024,129,147
RIZAL,CAINTA,San Isidro,03/01/2024,46,62
RIZAL,CAINTA,San Juan,03/01/2024,117,160
RIZAL,CAINTA,San Roque,03/01/2024,26,36
RIZAL,CAINTA,Santa Rosa,03/01/2024,3,3
RIZAL,CAINTA,Santo Domingo,03/01/2024,58,56
RIZAL,TAYTAY,Dolores (Pob.),03/01/2024,85,110
RIZAL,TAYTAY,Muzon,03/01/2024,25,48
RIZAL,TAYTAY,San Isidro,03/01/2024,36,48
RIZAL,TAYTAY,San Juan,03/01/2024,110,127
RIZAL,TAYTAY,Santa Ana,03/01/2024,71,73
RIZAL,ANGONO,San Vicente,04/01/2024,63,98
RIZAL,ANGONO,Kalayaan,04/01/2024,60,87
RIZAL,ANGONO,Poblacion Ibaba,04/01/2024,19,18
RIZAL,ANGONO,San Pedro,04/01/2024,12,8
RIZAL,ANGONO,San Roque,04/01/2024,39,51
RIZAL,ANGONO,Poblacion Itaas,04/01/2024,5,3
RIZAL,ANGONO,Bagumbayan,04/01/2024,12,21
RIZAL,ANGONO,Santo Niño,04/01/2024,7,12
RIZAL,ANGONO,Mahabang Parang,04/01/2024,100,148
RIZAL,ANGONO,San Isidro,04/01/2024,117,135
RIZAL,CITY OF ANTIPOLO,Santa Cruz,04/01/2024,33,38
RIZAL,CITY OF ANTIPOLO,Bagong Nayon,04/01/2024,16,25
RIZAL,CITY OF ANTIPOLO,Beverly Hills,04/01/2024,1,0
RIZAL,CITY OF ANTIPOLO,Calawis,04/01/2024,3,3
RIZAL,CITY OF ANTIPOLO,Cupang,04/01/2024,22,24
RIZAL,CITY OF ANTIPOLO,Dalig,04/01/2024,13,39
RIZAL,CITY OF ANTIPOLO,Dela Paz (Pob.),04/01/2024,30,29
RIZAL,CITY OF ANTIPOLO,Inarawan,04/01/2024,13,8
RIZAL,CITY OF ANTIPOLO,Mambugan,04/01/2024,19,18
RIZAL,CITY OF ANTIPOLO,Mayamot,04/01/2024,30,32
RIZAL,CITY OF ANTIPOLO,Muntingdilaw,04/01/2024,3,5
RIZAL,CITY OF ANTIPOLO,San Isidro (Pob.),04/01/2024,30,41
RIZAL,CITY OF ANTIPOLO,San Jose (Pob.),04/01/2024,58,66
RIZAL,CITY OF ANTIPOLO,San Juan,04/01/2024,1,4
RIZAL,CITY OF ANTIPOLO,San Luis,04/01/2024,37,33
RIZAL,CITY OF ANTIPOLO,San Roque (Pob.),04/01/2024,33,47
RIZAL,CAINTA,Santo Niño,04/01/2024,12,24
RIZAL,CAINTA,San Roque,04/01/2024,41,57
RIZAL,CAINTA,Santo Domingo,04/01/2024,82,116
RIZAL,CAINTA,San Juan,04/01/2024,195,254
RIZAL,CAINTA,San Andres (Pob.),04/01/2024,209,246
RIZAL,CAINTA,San Isidro,04/01/2024,92,107
RIZAL,CAINTA,Santa Rosa,04/01/2024,2,5
RIZAL,TAYTAY,Dolores (Pob.),04/01/2024,120,140
RIZAL,TAYTAY,San Juan,04/01/2024,183,272
RIZAL,TAYTAY,Muzon,04/01/2024,56,75
RIZAL,TAYTAY,San Isidro,04/01/2024,65,71
RIZAL,TAYTAY,Santa Ana,04/01/2024,111,139
RIZAL,ANGONO,San Roque,05/01/2024,46,54
RIZAL,ANGONO,Mahabang Parang,05/01/2024,217,264
RIZAL,ANGONO,Bagumbayan,05/01/2024,10,17
RIZAL,ANGONO,Kalayaan,05/01/2024,53,66
RIZAL,ANGONO,Poblacion Ibaba,05/01/2024,11,18
RIZAL,ANGONO,Poblacion Itaas,05/01/2024,3,4
RIZAL,ANGONO,San Isidro,05/01/2024,121,163
RIZAL,ANGONO,San Pedro,05/01/2024,11,18
RIZAL,ANGONO,San Vicente,05/01/2024,54,62
RIZAL,ANGONO,Santo Niño,05/01/2024,9,12
RIZAL,CITY OF ANTIPOLO,Santa Cruz,05/01/2024,75,110
RIZAL,CITY OF ANTIPOLO,Bagong Nayon,05/01/2024,51,43
RIZAL,CITY OF ANTIPOLO,Beverly Hills,05/01/2024,1,0
RIZAL,CITY OF ANTIPOLO,Calawis,05/01/2024,11,9
RIZAL,CITY OF ANTIPOLO,Cupang,05/01/2024,45,60
RIZAL,CITY OF ANTIPOLO,Dalig,05/01/2024,64,75
RIZAL,CITY OF ANTIPOLO,Dela Paz (Pob.),05/01/2024,115,136
RIZAL,CITY OF ANTIPOLO,Inarawan,05/01/2024,37,56
RIZAL,CITY OF ANTIPOLO,Mambugan,05/01/2024,44,66
RIZAL,CITY OF ANTIPOLO,Mayamot,05/01/2024,58,79
RIZAL,CITY OF ANTIPOLO,Muntingdilaw,05/01/2024,13,11
RIZAL,CITY OF ANTIPOLO,San Isidro (Pob.),05/01/2024,69,73
RIZAL,CITY OF ANTIPOLO,San Jose (Pob.),05/01/2024,168,204
RIZAL,CITY OF ANTIPOLO,San Juan,05/01/2024,10,22
RIZAL,CITY OF ANTIPOLO,San Luis,05/01/2024,57,95
RIZAL,CITY OF ANTIPOLO,San Roque (Pob.),05/01/2024,105,115
RIZAL,CAINTA,Santa Rosa,05/01/2024,1,11
RIZAL,CAINTA,Santo Niño,05/01/2024,14,22
RIZAL,CAINTA,San Roque,05/01/2024,47,82
RIZAL,CAINTA,San Isidro,05/01/2024,107,141
RIZAL,CAINTA,San Juan,05/01/2024,253,330
RIZAL,CAINTA,Santo Domingo,05/01/2024,91,127
RIZAL,CAINTA,San Andres (Pob.),05/01/2024,219,319
RIZAL,TAYTAY,Dolores (Pob.),05/01/2024,164,189
RIZAL,TAYTAY,San Juan,05/01/2024,254,315
RIZAL,TAYTAY,Muzon,05/01/2024,45,74
RIZAL,TAYTAY,San Isidro,05/01/2024,67,66
RIZAL,TAYTAY,Santa Ana,05/01/2024,139,166
RIZAL,ANGONO,Bagumbayan,06/01/2024,11,16
RIZAL,ANGONO,Kalayaan,06/01/2024,60,75
RIZAL,ANGONO,Mahabang Parang,06/01/2024,98,136
RIZAL,ANGONO,Poblacion Ibaba,06/01/2024,17,17
RIZAL,ANGONO,Poblacion Itaas,06/01/2024,0,5
RIZAL,ANGONO,San Isidro,06/01/2024,114,143
RIZAL,ANGONO,San Pedro,06/01/2024,3,12
RIZAL,ANGONO,San Roque,06/01/2024,36,70
RIZAL,ANGONO,San Vicente,06/01/2024,56,58
RIZAL,ANGONO,Santo Niño,06/01/2024,12,6
RIZAL,CITY OF ANTIPOLO,Bagong Nayon,06/01/2024,59,56
RIZAL,CITY OF ANTIPOLO,Beverly Hills,06/01/2024,4,1
RIZAL,CITY OF ANTIPOLO,Calawis,06/01/2024,8,10
RIZAL,CITY OF ANTIPOLO,Cupang,06/01/2024,73,84
RIZAL,CITY OF ANTIPOLO,Dalig,06/01/2024,93,115
RIZAL,CITY OF ANTIPOLO,Dela Paz (Pob.),06/01/2024,116,160
RIZAL,CITY OF ANTIPOLO,Inarawan,06/01/2024,56,55
RIZAL,CITY OF ANTIPOLO,Mambugan,06/01/2024,64,75
RIZAL,CITY OF ANTIPOLO,Mayamot,06/01/2024,71,88
RIZAL,CITY OF ANTIPOLO,Muntingdilaw,06/01/2024,10,14
RIZAL,CITY OF ANTIPOLO,San Isidro (Pob.),06/01/2024,93,86
RIZAL,CITY OF ANTIPOLO,San Jose (Pob.),06/01/2024,177,202
RIZAL,CITY OF ANTIPOLO,San Juan,06/01/2024,9,25
RIZAL,CITY OF ANTIPOLO,San Luis,06/01/2024,92,123
RIZAL,CITY OF ANTIPOLO,San Roque (Pob.),06/01/2024,123,140
RIZAL,CITY OF ANTIPOLO,Santa Cruz,06/01/2024,93,114
RIZAL,CAINTA,Santo Domingo,06/01/2024,101,114
RIZAL,CAINTA,San Andres (Pob.),06/01/2024,251,288
RIZAL,CAINTA,San Juan,06/01/2024,200,278
RIZAL,CAINTA,San Isidro,06/01/2024,85,109
RIZAL,CAINTA,Santa Rosa,06/01/2024,4,4
RIZAL,CAINTA,Santo Niño,06/01/2024,12,24
RIZAL,CAINTA,San Roque,06/01/2024,50,74
RIZAL,TAYTAY,Dolores (Pob.),06/01/2024,129,182
RIZAL,TAYTAY,San Juan,06/01/2024,184,277
RIZAL,TAYTAY,Muzon,06/01/2024,42,70
RIZAL,TAYTAY,San Isidro,06/01/2024,57,65
RIZAL,TAYTAY,Santa Ana,06/01/2024,148,133
RIZAL,ANGONO,Bagumbayan,07/01/2024,8,6
RIZAL,ANGONO,Kalayaan,07/01/2024,17,24
RIZAL,ANGONO,Mahabang Parang,07/01/2024,59,89
RIZAL,ANGONO,Poblacion Ibaba,07/01/2024,2,2
RIZAL,ANGONO,Poblacion Itaas,07/01/2024,2,1
RIZAL,ANGONO,San Isidro,07/01/2024,29,54
RIZAL,ANGONO,San Pedro,07/01/2024,2,3
RIZAL,ANGONO,San Roque,07/01/2024,15,23
RIZAL,ANGONO,San Vicente,07/01/2024,22,15
RIZAL,ANGONO,Santo Niño,07/01/2024,1,3
RIZAL,CITY OF ANTIPOLO,San Jose (Pob.),07/01/2024,226,286
RIZAL,CITY OF ANTIPOLO,San Juan,07/01/2024,14,30
RIZAL,CITY OF ANTIPOLO,San Luis,07/01/2024,119,122
RIZAL,CITY OF ANTIPOLO,San Roque (Pob.),07/01/2024,148,151
RIZAL,CITY OF ANTIPOLO,Santa Cruz,07/01/2024,90,109
RIZAL,CITY OF ANTIPOLO,Bagong Nayon,07/01/2024,67,89
RIZAL,CITY OF ANTIPOLO,Beverly Hills,07/01/2024,6,3
RIZAL,CITY OF ANTIPOLO,Calawis,07/01/2024,7,5
RIZAL,CITY OF ANTIPOLO,Cupang,07/01/2024,87,85
RIZAL,CITY OF ANTIPOLO,Dalig,07/01/2024,103,119
RIZAL,CITY OF ANTIPOLO,Dela Paz (Pob.),07/01/2024,132,196
RIZAL,CITY OF ANTIPOLO,Inarawan,07/01/2024,39,53
RIZAL,CITY OF ANTIPOLO,Mambugan,07/01/2024,73,68
RIZAL,CITY OF ANTIPOLO,Mayamot,07/01/2024,94,88
RIZAL,CITY OF ANTIPOLO,Muntingdilaw,07/01/2024,17,16
RIZAL,CITY OF ANTIPOLO,San Isidro (Pob.),07/01/2024,123,133
RIZAL,CAINTA,Santo Niño,07/01/2024,16,21
RIZAL,CAINTA,Santo Domingo,07/01/2024,68,100
RIZAL,CAINTA,San Juan,07/01/2024,192,251
RIZAL,CAINTA,San Roque,07/01/2024,58,63
RIZAL,CAINTA,San Isidro,07/01/2024,94,118
RIZAL,CAINTA,Santa Rosa,07/01/2024,3,4
RIZAL,CAINTA,San Andres (Pob.),07/01/2024,191,243
RIZAL,TAYTAY,Dolores (Pob.),07/01/2024,111,134
RIZAL,TAYTAY,San Juan,07/01/2024,181,251
RIZAL,TAYTAY,Muzon,07/01/2024,41,64
RIZAL,TAYTAY,San Isidro,07/01/2024,55,74
RIZAL,TAYTAY,Santa Ana,07/01/2024,122,142
RIZAL,ANGONO,Mahabang Parang,08/01/2024,94,124
RIZAL,ANGONO,Bagumbayan,08/01/2024,6,6
RIZAL,ANGONO,Kalayaan,08/01/2024,34,58
RIZAL,ANGONO,Poblacion Ibaba,08/01/2024,10,15
RIZAL,ANGONO,Poblacion Itaas,08/01/2024,6,5
RIZAL,ANGONO,San Isidro,08/01/2024,90,123
RIZAL,ANGONO,San Pedro,08/01/2024,4,14
RIZAL,ANGONO,San Roque,08/01/2024,37,44
RIZAL,ANGONO,San Vicente,08/01/2024,35,48
RIZAL,ANGONO,Santo Niño,08/01/2024,5,10
RIZAL,CITY OF ANTIPOLO,Santa Cruz,08/01/2024,33,38
RIZAL,CITY OF ANTIPOLO,Bagong Nayon,08/01/2024,16,25
RIZAL,CITY OF ANTIPOLO,Beverly Hills,08/01/2024,1,0
RIZAL,CITY OF ANTIPOLO,Calawis,08/01/2024,3,3
RIZAL,CITY OF ANTIPOLO,Cupang,08/01/2024,22,24
RIZAL,CITY OF ANTIPOLO,Dalig,08/01/2024,13,39
RIZAL,CITY OF ANTIPOLO,Dela Paz (Pob.),08/01/2024,30,29
RIZAL,CITY OF ANTIPOLO,Inarawan,08/01/2024,13,8
RIZAL,CITY OF ANTIPOLO,Mambugan,08/01/2024,19,18
RIZAL,CITY OF ANTIPOLO,Mayamot,08/01/2024,30,32
RIZAL,CITY OF ANTIPOLO,Muntingdilaw,08/01/2024,3,5
RIZAL,CITY OF ANTIPOLO,San Isidro (Pob.),08/01/2024,30,41
RIZAL,CITY OF ANTIPOLO,San Jose (Pob.),08/01/2024,58,66
RIZAL,CITY OF ANTIPOLO,San Juan,08/01/2024,1,4
RIZAL,CITY OF ANTIPOLO,San Luis,08/01/2024,37,33
RIZAL,CITY OF ANTIPOLO,San Roque (Pob.),08/01/2024,33,47
RIZAL,CAINTA,Santo Niño,08/01/2024,15,16
RIZAL,CAINTA,San Juan,08/01/2024,170,210
RIZAL,CAINTA,Santa Rosa,08/01/2024,4,8
RIZAL,CAINTA,Santo Domingo,08/01/2024,69,89
RIZAL,CAINTA,San Roque,08/01/2024,40,63
RIZAL,CAINTA,San Andres (Pob.),08/01/2024,158,205
RIZAL,CAINTA,San Isidro,08/01/2024,69,87
RIZAL,TAYTAY,Dolores (Pob.),08/01/2024,92,105
RIZAL,TAYTAY,San Juan,08/01/2024,169,199
RIZAL,TAYTAY,Muzon,08/01/2024,37,63
RIZAL,TAYTAY,San Isidro,08/01/2024,42,57
RIZAL,TAYTAY,Santa Ana,08/01/2024,112,110
RIZAL,ANGONO,Bagumbayan,09/01/2024,2,14
RIZAL,ANGONO,Kalayaan,09/01/2024,61,59
RIZAL,ANGONO,Mahabang Parang,09/01/2024,100,143
RIZAL,ANGONO,Poblacion Ibaba,09/01/2024,6,15
RIZAL,ANGONO,Poblacion Itaas,09/01/2024,4,7
RIZAL,ANGONO,San Isidro,09/01/2024,98,153
RIZAL,ANGONO,San Pedro,09/01/2024,9,11
RIZAL,ANGONO,San Roque,09/01/2024,37,54
RIZAL,ANGONO,San Vicente,09/01/2024,42,53
RIZAL,ANGONO,Santo Niño,09/01/2024,7,13
RIZAL,CITY OF ANTIPOLO,Muntingdilaw,09/01/2024,7,19
RIZAL,CITY OF ANTIPOLO,Calawis,09/01/2024,12,12
RIZAL,CITY OF ANTIPOLO,Cupang,09/01/2024,139,146
RIZAL,CITY OF ANTIPOLO,Dela Paz (Pob.),09/01/2024,191,283
RIZAL,CITY OF ANTIPOLO,Mayamot,09/01/2024,127,141
RIZAL,CITY OF ANTIPOLO,San Isidro (Pob.),09/01/2024,148,165
RIZAL,CITY OF ANTIPOLO,San Jose (Pob.),09/01/2024,317,384
RIZAL,CITY OF ANTIPOLO,San Roque (Pob.),09/01/2024,189,266
RIZAL,CITY OF ANTIPOLO,Mambugan,09/01/2024,95,116
RIZAL,CITY OF ANTIPOLO,Bagong Nayon,09/01/2024,91,140
RIZAL,CITY OF ANTIPOLO,Beverly Hills,09/01/2024,6,12
RIZAL,CITY OF ANTIPOLO,Dalig,09/01/2024,134,185
RIZAL,CITY OF ANTIPOLO,Inarawan,09/01/2024,64,81
RIZAL,CITY OF ANTIPOLO,San Juan,09/01/2024,33,30
RIZAL,CITY OF ANTIPOLO,San Luis,09/01/2024,138,212
RIZAL,CITY OF ANTIPOLO,Santa Cruz,09/01/2024,142,169
RIZAL,CAINTA,Santo Domingo,09/01/2024,78,103
RIZAL,CAINTA,San Juan,09/01/2024,196,249
RIZAL,CAINTA,Santo Niño,09/01/2024,23,14
RIZAL,CAINTA,San Andres (Pob.),09/01/2024,183,243
RIZAL,CAINTA,San Isidro,09/01/2024,76,99
RIZAL,CAINTA,San Roque,09/01/2024,48,60
RIZAL,CAINTA,Santa Rosa,09/01/2024,5,8
RIZAL,TAYTAY,San Isidro,09/01/2024,49,52
RIZAL,TAYTAY,Dolores (Pob.),09/01/2024,92,139
RIZAL,TAYTAY,San Juan,09/01/2024,149,196
RIZAL,TAYTAY,Muzon,09/01/2024,41,47
RIZAL,TAYTAY,Santa Ana,09/01/2024,92,131
RIZAL,ANGONO,Mahabang Parang,10/01/2024,94,99
RIZAL,ANGONO,Bagumbayan,10/01/2024,6,10
RIZAL,ANGONO,Kalayaan,10/01/2024,38,47
RIZAL,ANGONO,Poblacion Ibaba,10/01/2024,9,14
RIZAL,ANGONO,Poblacion Itaas,10/01/2024,2,2
RIZAL,ANGONO,San Isidro,10/01/2024,75,125
RIZAL,ANGONO,San Pedro,10/01/2024,9,9
RIZAL,ANGONO,San Roque,10/01/2024,32,50
RIZAL,ANGONO,San Vicente,10/01/2024,51,50
RIZAL,ANGONO,Santo Niño,10/01/2024,6,11
RIZAL,CITY OF ANTIPOLO,Dela Paz (Pob.),10/01/2024,105,124
RIZAL,CITY OF ANTIPOLO,Inarawan,10/01/2024,36,44
RIZAL,CITY OF ANTIPOLO,Mambugan,10/01/2024,41,65
RIZAL,CITY OF ANTIPOLO,Mayamot,10/01/2024,56,77
RIZAL,CITY OF ANTIPOLO,Muntingdilaw,10/01/2024,11,9
RIZAL,CITY OF ANTIPOLO,San Isidro (Pob.),10/01/2024,71,75
RIZAL,CITY OF ANTIPOLO,San Jose (Pob.),10/01/2024,180,210
RIZAL,CITY OF ANTIPOLO,San Juan,10/01/2024,11,19
RIZAL,CITY OF ANTIPOLO,San Luis,10/01/2024,61,102
RIZAL,CITY OF ANTIPOLO,San Roque (Pob.),10/01/2024,99,151
RIZAL,CITY OF ANTIPOLO,Santa Cruz,10/01/2024,68,105
RIZAL,CITY OF ANTIPOLO,Bagong Nayon,10/01/2024,42,43
RIZAL,CITY OF ANTIPOLO,Beverly Hills,10/01/2024,5,3
RIZAL,CITY OF ANTIPOLO,Calawis,10/01/2024,12,16
RIZAL,CITY OF ANTIPOLO,Cupang,10/01/2024,51,60
RIZAL,CITY OF ANTIPOLO,Dalig,10/01/2024,61,81
RIZAL,CAINTA,San Andres (Pob.),10/01/2024,199,288
RIZAL,CAINTA,Santo Domingo,10/01/2024,72,118
RIZAL,CAINTA,San Juan,10/01/2024,184,279
RIZAL,CAINTA,San Isidro,10/01/2024,88,105
RIZAL,CAINTA,Santa Rosa,10/01/2024,4,3
RIZAL,CAINTA,Santo Niño,10/01/2024,11,19
RIZAL,CAINTA,San Roque,10/01/2024,52,56
RIZAL,TAYTAY,San Isidro,10/01/2024,40,43
RIZAL,TAYTAY,Dolores (Pob.),10/01/2024,121,138
RIZAL,TAYTAY,Muzon,10/01/2024,30,61
RIZAL,TAYTAY,San Juan,10/01/2024,181,227
RIZAL,TAYTAY,Santa Ana,10/01/2024,94,110
RIZAL,ANGONO,Bagumbayan,11/01/2024,2,4
RIZAL,ANGONO,Kalayaan,11/01/2024,25,31
RIZAL,ANGONO,Mahabang Parang,11/01/2024,82,98
RIZAL,ANGONO,Poblacion Ibaba,11/01/2024,8,9
RIZAL,ANGONO,Poblacion Itaas,11/01/2024,2,2
RIZAL,ANGONO,San Isidro,11/01/2024,51,65
RIZAL,ANGONO,San Pedro,11/01/2024,3,5
RIZAL,ANGONO,San Roque,11/01/2024,20,25
RIZAL,ANGONO,San Vicente,11/01/2024,26,25
RIZAL,ANGONO,Santo Niño,11/01/2024,5,4
RIZAL,CITY OF ANTIPOLO,Muntingdilaw,11/01/2024,7,19
RIZAL,CITY OF ANTIPOLO,Calawis,11/01/2024,12,12
RIZAL,CITY OF ANTIPOLO,Cupang,11/01/2024,139,146
RIZAL,CITY OF ANTIPOLO,Dela Paz (Pob.),11/01/2024,191,283
RIZAL,CITY OF ANTIPOLO,Mayamot,11/01/2024,127,141
RIZAL,CITY OF ANTIPOLO,San Isidro (Pob.),11/01/2024,148,165
RIZAL,CITY OF ANTIPOLO,San Jose (Pob.),11/01/2024,317,384
RIZAL,CITY OF ANTIPOLO,San Roque (Pob.),11/01/2024,189,266
RIZAL,CITY OF ANTIPOLO,Mambugan,11/01/2024,95,116
RIZAL,CITY OF ANTIPOLO,Bagong Nayon,11/01/2024,91,140
RIZAL,CITY OF ANTIPOLO,Beverly Hills,11/01/2024,6,12
RIZAL,CITY OF ANTIPOLO,Dalig,11/01/2024,134,185
RIZAL,CITY OF ANTIPOLO,Inarawan,11/01/2024,64,81
RIZAL,CITY OF ANTIPOLO,San Juan,11/01/2024,33,30
RIZAL,CITY OF ANTIPOLO,San Luis,11/01/2024,138,212
RIZAL,CITY OF ANTIPOLO,Santa Cruz,11/01/2024,142,169
RIZAL,CAINTA,San Andres (Pob.),11/01/2024,218,269
RIZAL,CAINTA,Santo Domingo,11/01/2024,64,95
RIZAL,CAINTA,San Juan,11/01/2024,191,262
RIZAL,CAINTA,Santo Niño,11/01/2024,19,20
RIZAL,CAINTA,Santa Rosa,11/01/2024,5,1
RIZAL,CAINTA,San Roque,11/01/2024,54,66
RIZAL,CAINTA,San Isidro,11/01/2024,77,98
RIZAL,TAYTAY,Dolores (Pob.),11/01/2024,82,101
RIZAL,TAYTAY,San Juan,11/01/2024,141,192
RIZAL,TAYTAY,Muzon,11/01/2024,31,43
RIZAL,TAYTAY,San Isidro,11/01/2024,44,42
RIZAL,TAYTAY,Santa Ana,11/01/2024,69,68
RIZAL,ANGONO,Kalayaan,12/01/2024,2,4
RIZAL,ANGONO,Bagumbayan,12/01/2024,1,0
RIZAL,ANGONO,Poblacion Ibaba,12/01/2024,2,3
RIZAL,ANGONO,Poblacion Itaas,12/01/2024,1,0
RIZAL,ANGONO,San Isidro,12/01/2024,4,3
RIZAL,ANGONO,San Roque,12/01/2024,2,4
RIZAL,ANGONO,San Vicente,12/01/2024,3,1
RIZAL,ANGONO,Mahabang Parang,12/01/2024,2,8
RIZAL,ANGONO,San Pedro,12/01/2024,0,0
RIZAL,ANGONO,Santo Niño,12/01/2024,0,0
RIZAL,CITY OF ANTIPOLO,Dalig,12/01/2024,103,119
RIZAL,CITY OF ANTIPOLO,Dela Paz (Pob.),12/01/2024,132,196
RIZAL,CITY OF ANTIPOLO,Inarawan,12/01/2024,39,53
RIZAL,CITY OF ANTIPOLO,Mambugan,12/01/2024,73,68
RIZAL,CITY OF ANTIPOLO,Mayamot,12/01/2024,94,88
RIZAL,CITY OF ANTIPOLO,Muntingdilaw,12/01/2024,17,16
RIZAL,CITY OF ANTIPOLO,San Isidro (Pob.),12/01/2024,123,133
RIZAL,CITY OF ANTIPOLO,San Jose (Pob.),12/01/2024,226,286
RIZAL,CITY OF ANTIPOLO,San Juan,12/01/2024,14,30
RIZAL,CITY OF ANTIPOLO,San Luis,12/01/2024,119,122
RIZAL,CITY OF ANTIPOLO,San Roque (Pob.),12/01/2024,148,151
RIZAL,CITY OF ANTIPOLO,Santa Cruz,12/01/2024,90,109
RIZAL,CITY OF ANTIPOLO,Bagong Nayon,12/01/2024,67,89
RIZAL,CITY OF ANTIPOLO,Beverly Hills,12/01/2024,6,3
RIZAL,CITY OF ANTIPOLO,Calawis,12/01/2024,7,5
RIZAL,CITY OF ANTIPOLO,Cupang,12/01/2024,87,85
RIZAL,CAINTA,San Andres (Pob.),12/01/2024,121,172
RIZAL,CAINTA,Santo Domingo,12/01/2024,64,69
RIZAL,CAINTA,San Juan,12/01/2024,140,199
RIZAL,CAINTA,San Isidro,12/01/2024,47,74
RIZAL,CAINTA,Santa Rosa,12/01/2024,5,6
RIZAL,CAINTA,Santo Niño,12/01/2024,12,20
RIZAL,CAINTA,San Roque,12/01/2024,46,55
RIZAL,TAYTAY,Dolores (Pob.),12/01/2024,54,58
RIZAL,TAYTAY,San Juan,12/01/2024,81,123
RIZAL,TAYTAY,Muzon,12/01/2024,15,30
RIZAL,TAYTAY,San Isidro,12/01/2024,27,32
RIZAL,TAYTAY,Santa Ana,12/01/2024,27,32
RIZAL,TAYTAY,Dolores (Pob.),01/01/2023,55,76
RIZAL,CITY OF ANTIPOLO,Cupang,01/01/2023,68,72
RIZAL,CITY OF ANTIPOLO,Dalig,01/01/2023,99,93
RIZAL,CITY OF ANTIPOLO,Dela Paz (Pob.),01/01/2023,140,141
RIZAL,CITY OF ANTIPOLO,Inarawan,01/01/2023,52,41
RIZAL,CITY OF ANTIPOLO,Mambugan,01/01/2023,53,59
RIZAL,CITY OF ANTIPOLO,Mayamot,01/01/2023,71,69
RIZAL,CITY OF ANTIPOLO,Muntingdilaw,01/01/2023,9,11
RIZAL,CITY OF ANTIPOLO,San Isidro (Pob.),01/01/2023,96,109
RIZAL,CITY OF ANTIPOLO,San Jose (Pob.),01/01/2023,213,246
RIZAL,CITY OF ANTIPOLO,San Juan,01/01/2023,21,14
RIZAL,CITY OF ANTIPOLO,San Luis,01/01/2023,107,113
RIZAL,CITY OF ANTIPOLO,San Roque (Pob.),01/01/2023,127,154
RIZAL,CITY OF ANTIPOLO,Santa Cruz,01/01/2023,73,84
RIZAL,ANGONO,Kalayaan,01/01/2023,29,25
RIZAL,ANGONO,San Isidro,01/01/2023,66,66
RIZAL,ANGONO,San Pedro,01/01/2023,3,2
RIZAL,ANGONO,Bagumbayan,01/01/2023,12,32
RIZAL,ANGONO,Poblacion Ibaba,01/01/2023,8,8
RIZAL,ANGONO,Poblacion Itaas,01/01/2023,8,1
RIZAL,ANGONO,Santo Niño,01/01/2023,10,10
RIZAL,ANGONO,San Roque,01/01/2023,26,31
RIZAL,ANGONO,San Vicente,01/01/2023,28,27
RIZAL,ANGONO,Mahabang Parang,01/01/2023,64,58
RIZAL,TAYTAY,San Juan,01/01/2023,123,140
RIZAL,TAYTAY,Muzon,01/01/2023,24,27
RIZAL,TAYTAY,San Isidro,01/01/2023,28,25
RIZAL,TAYTAY,Santa Ana,01/01/2023,75,82
RIZAL,CAINTA,Santo Domingo,01/01/2023,0,3
RIZAL,CAINTA,San Juan,01/01/2023,129,130
RIZAL,CAINTA,San Andres (Pob.),01/01/2023,111,98
RIZAL,CAINTA,San Isidro,01/01/2023,64,58
RIZAL,CAINTA,Santa Rosa,01/01/2023,0,0
RIZAL,CAINTA,Santo Niño,01/01/2023,9,6
RIZAL,CAINTA,San Roque,01/01/2023,28,40
RIZAL,CITY OF ANTIPOLO,Calawis,01/01/2023,10,8
RIZAL,TAYTAY,Santa Ana,02/01/2023,58,62
RIZAL,TAYTAY,Dolores (Pob.),02/01/2023,82,84
RIZAL,CITY OF ANTIPOLO,Bagong Nayon,02/01/2023,7,11
RIZAL,CITY OF ANTIPOLO,Calawis,02/01/2023,1,1
RIZAL,CITY OF ANTIPOLO,Cupang,02/01/2023,6,7
RIZAL,CITY OF ANTIPOLO,Dalig,02/01/2023,9,9
RIZAL,CITY OF ANTIPOLO,Dela Paz (Pob.),02/01/2023,11,9
RIZAL,CITY OF ANTIPOLO,Inarawan,02/01/2023,4,3
RIZAL,CITY OF ANTIPOLO,Mambugan,02/01/2023,7,6
RIZAL,CITY OF ANTIPOLO,Mayamot,02/01/2023,9,7
RIZAL,CITY OF ANTIPOLO,Bagong Nayon,01/01/2023,49,68
RIZAL,CITY OF ANTIPOLO,Beverly Hills,01/01/2023,2,1
RIZAL,CAINTA,Santa Rosa,02/01/2023,1,4
RIZAL,CAINTA,Santo Niño,02/01/2023,6,6
RIZAL,CAINTA,San Roque,02/01/2023,42,15
RIZAL,CAINTA,San Andres (Pob.),02/01/2023,0,0
RIZAL,CAINTA,San Juan,02/01/2023,0,0
RIZAL,CAINTA,Santo Domingo,02/01/2023,41,58
RIZAL,CAINTA,San Isidro,02/01/2023,55,55
RIZAL,TAYTAY,Dolores (Pob.),03/01/2023,83,73
RIZAL,TAYTAY,San Juan,03/01/2023,133,150
RIZAL,CITY OF ANTIPOLO,Bagong Nayon,03/01/2023,3,4
RIZAL,CITY OF ANTIPOLO,Beverly Hills,03/01/2023,1,0
RIZAL,CITY OF ANTIPOLO,Calawis,03/01/2023,1,1
RIZAL,CITY OF ANTIPOLO,Cupang,03/01/2023,3,3
RIZAL,CITY OF ANTIPOLO,Dalig,03/01/2023,8,13
RIZAL,CITY OF ANTIPOLO,Dela Paz (Pob.),03/01/2023,11,8
RIZAL,CITY OF ANTIPOLO,Inarawan,03/01/2023,2,3
RIZAL,CITY OF ANTIPOLO,Mambugan,03/01/2023,10,4
RIZAL,CITY OF ANTIPOLO,Mayamot,03/01/2023,10,9
RIZAL,CITY OF ANTIPOLO,Muntingdilaw,03/01/2023,0,1
RIZAL,CITY OF ANTIPOLO,San Isidro (Pob.),03/01/2023,8,6
RIZAL,CITY OF ANTIPOLO,San Jose (Pob.),03/01/2023,20,18
RIZAL,CITY OF ANTIPOLO,San Juan,03/01/2023,3,3
RIZAL,CITY OF ANTIPOLO,San Luis,03/01/2023,7,8
RIZAL,CITY OF ANTIPOLO,San Roque (Pob.),03/01/2023,11,14
RIZAL,CITY OF ANTIPOLO,Santa Cruz,03/01/2023,7,8
RIZAL,CITY OF ANTIPOLO,Muntingdilaw,02/01/2023,1,1
RIZAL,CITY OF ANTIPOLO,San Isidro (Pob.),02/01/2023,11,10
RIZAL,CITY OF ANTIPOLO,San Jose (Pob.),02/01/2023,14,21
RIZAL,CITY OF ANTIPOLO,San Juan,02/01/2023,4,2
RIZAL,CITY OF ANTIPOLO,San Luis,02/01/2023,13,9
RIZAL,CITY OF ANTIPOLO,San Roque (Pob.),02/01/2023,10,13
RIZAL,CITY OF ANTIPOLO,Santa Cruz,02/01/2023,9,9
RIZAL,CITY OF ANTIPOLO,Beverly Hills,02/01/2023,0,0
RIZAL,ANGONO,Poblacion Itaas,02/01/2023,0,0
RIZAL,ANGONO,Santo Niño,02/01/2023,11,6
RIZAL,ANGONO,Poblacion Ibaba,02/01/2023,8,4
RIZAL,ANGONO,Bagumbayan,02/01/2023,3,4
RIZAL,ANGONO,San Vicente,02/01/2023,19,26
RIZAL,ANGONO,Kalayaan,02/01/2023,23,27
RIZAL,ANGONO,San Isidro,02/01/2023,90,79
RIZAL,ANGONO,Mahabang Parang,02/01/2023,52,78
RIZAL,ANGONO,San Roque,02/01/2023,20,29
RIZAL,ANGONO,San Pedro,02/01/2023,3,5
RIZAL,TAYTAY,San Isidro,02/01/2023,19,38
RIZAL,TAYTAY,Muzon,02/01/2023,23,38
RIZAL,TAYTAY,San Juan,02/01/2023,159,155
RIZAL,ANGONO,San Isidro,03/01/2023,81,95
RIZAL,ANGONO,Bagumbayan,03/01/2023,4,5
RIZAL,ANGONO,Kalayaan,03/01/2023,29,34
RIZAL,ANGONO,Mahabang Parang,03/01/2023,65,76
RIZAL,ANGONO,Poblacion Ibaba,03/01/2023,10,6
RIZAL,ANGONO,Poblacion Itaas,03/01/2023,0,0
RIZAL,ANGONO,San Pedro,03/01/2023,6,8
RIZAL,ANGONO,San Roque,03/01/2023,32,32
RIZAL,ANGONO,San Vicente,03/01/2023,23,34
RIZAL,ANGONO,Santo Niño,03/01/2023,2,5
RIZAL,TAYTAY,Muzon,03/01/2023,33,28
RIZAL,TAYTAY,San Isidro,03/01/2023,41,29
RIZAL,TAYTAY,Santa Ana,03/01/2023,81,89
RIZAL,CAINTA,San Isidro,03/01/2023,10,9
RIZAL,CAINTA,Santo Niño,03/01/2023,11,13
RIZAL,CAINTA,Santa Rosa,03/01/2023,5,2
RIZAL,CAINTA,San Roque,03/01/2023,32,37
RIZAL,CAINTA,San Andres (Pob.),03/01/2023,99,134
RIZAL,CAINTA,Santo Domingo,03/01/2023,62,66
RIZAL,CAINTA,San Juan,03/01/2023,132,160
RIZAL,TAYTAY,San Isidro,04/01/2023,30,51
RIZAL,TAYTAY,Dolores (Pob.),04/01/2023,62,89
RIZAL,CITY OF ANTIPOLO,San Jose (Pob.),04/01/2023,2,1
RIZAL,CITY OF ANTIPOLO,San Luis,04/01/2023,2,0
RIZAL,CITY OF ANTIPOLO,San Roque (Pob.),04/01/2023,1,3
RIZAL,CITY OF ANTIPOLO,Santa Cruz,04/01/2023,1,1
RIZAL,CITY OF ANTIPOLO,Beverly Hills,04/01/2023,1,0
RIZAL,CITY OF ANTIPOLO,San Juan,04/01/2023,3,3
RIZAL,CITY OF ANTIPOLO,Calawis,04/01/2023,1,1
RIZAL,CITY OF ANTIPOLO,Muntingdilaw,04/01/2023,0,1
RIZAL,CITY OF ANTIPOLO,Bagong Nayon,04/01/2023,1,2
RIZAL,CITY OF ANTIPOLO,Cupang,04/01/2023,1,1
RIZAL,CITY OF ANTIPOLO,Dalig,04/01/2023,0,1
RIZAL,CITY OF ANTIPOLO,Dela Paz (Pob.),04/01/2023,0,2
RIZAL,CITY OF ANTIPOLO,Inarawan,04/01/2023,1,1
RIZAL,CITY OF ANTIPOLO,Mambugan,04/01/2023,1,1
RIZAL,CITY OF ANTIPOLO,Mayamot,04/01/2023,1,3
RIZAL,CITY OF ANTIPOLO,San Isidro (Pob.),04/01/2023,0,4
RIZAL,ANGONO,Bagumbayan,04/01/2023,0,8
RIZAL,ANGONO,Kalayaan,04/01/2023,28,30
RIZAL,ANGONO,Mahabang Parang,04/01/2023,50,81
RIZAL,ANGONO,Poblacion Ibaba,04/01/2023,7,11
RIZAL,ANGONO,Poblacion Itaas,04/01/2023,0,0
RIZAL,ANGONO,San Isidro,04/01/2023,70,86
RIZAL,ANGONO,San Pedro,04/01/2023,1,0
RIZAL,ANGONO,San Roque,04/01/2023,27,23
RIZAL,ANGONO,San Vicente,04/01/2023,34,45
RIZAL,ANGONO,Santo Niño,04/01/2023,7,6
RIZAL,TAYTAY,San Juan,04/01/2023,115,145
RIZAL,TAYTAY,Muzon,04/01/2023,41,41
RIZAL,TAYTAY,Santa Ana,04/01/2023,61,73
RIZAL,CAINTA,Santa Rosa,04/01/2023,3,2
RIZAL,CAINTA,Santo Niño,04/01/2023,1,11
RIZAL,CAINTA,San Juan,04/01/2023,117,156
RIZAL,CAINTA,Santo Domingo,04/01/2023,43,56
RIZAL,CAINTA,San Isidro,04/01/2023,47,63
RIZAL,CAINTA,San Roque,04/01/2023,28,27
RIZAL,CAINTA,San Andres (Pob.),04/01/2023,116,117
RIZAL,TAYTAY,San Isidro,05/01/2023,38,51
RIZAL,TAYTAY,Dolores (Pob.),05/01/2023,85,93
RIZAL,CITY OF ANTIPOLO,Bagong Nayon,05/01/2023,90,111
RIZAL,CITY OF ANTIPOLO,Beverly Hills,05/01/2023,5,1
RIZAL,CITY OF ANTIPOLO,Calawis,05/01/2023,7,8
RIZAL,CITY OF ANTIPOLO,Cupang,05/01/2023,124,106
RIZAL,CITY OF ANTIPOLO,Dalig,05/01/2023,120,139
RIZAL,CITY OF ANTIPOLO,Dela Paz (Pob.),05/01/2023,146,166
RIZAL,CITY OF ANTIPOLO,Inarawan,05/01/2023,53,66
RIZAL,CITY OF ANTIPOLO,Mambugan,05/01/2023,75,108
RIZAL,CITY OF ANTIPOLO,Mayamot,05/01/2023,88,130
RIZAL,CITY OF ANTIPOLO,Muntingdilaw,05/01/2023,18,21
RIZAL,CITY OF ANTIPOLO,San Isidro (Pob.),05/01/2023,136,135
RIZAL,CITY OF ANTIPOLO,San Jose (Pob.),05/01/2023,238,288
RIZAL,CITY OF ANTIPOLO,San Juan,05/01/2023,20,16
RIZAL,CITY OF ANTIPOLO,San Luis,05/01/2023,118,155
RIZAL,CITY OF ANTIPOLO,San Roque (Pob.),05/01/2023,147,177
RIZAL,CITY OF ANTIPOLO,Santa Cruz,05/01/2023,106,124
RIZAL,ANGONO,Bagumbayan,05/01/2023,9,7
RIZAL,ANGONO,Kalayaan,05/01/2023,42,39
RIZAL,ANGONO,Mahabang Parang,05/01/2023,66,93
RIZAL,ANGONO,Poblacion Ibaba,05/01/2023,13,17
RIZAL,ANGONO,Poblacion Itaas,05/01/2023,4,7
RIZAL,ANGONO,San Isidro,05/01/2023,75,120
RIZAL,ANGONO,San Pedro,05/01/2023,6,3
RIZAL,ANGONO,San Roque,05/01/2023,34,37
RIZAL,ANGONO,San Vicente,05/01/2023,34,40
RIZAL,ANGONO,Santo Niño,05/01/2023,7,9
RIZAL,TAYTAY,San Juan,05/01/2023,146,138
RIZAL,TAYTAY,Muzon,05/01/2023,39,36
RIZAL,TAYTAY,Santa Ana,05/01/2023,56,71
RIZAL,CAINTA,San Andres (Pob.),05/01/2023,111,132
RIZAL,CAINTA,Santo Domingo,05/01/2023,66,84
RIZAL,CAINTA,San Juan,05/01/2023,142,156
RIZAL,CAINTA,San Isidro,05/01/2023,75,83
RIZAL,CAINTA,Santo Niño,05/01/2023,1,15
RIZAL,CAINTA,Santa Rosa,05/01/2023,6,5
RIZAL,CAINTA,San Roque,05/01/2023,42,38
RIZAL,TAYTAY,Dolores (Pob.),06/01/2023,61,87
RIZAL,CITY OF ANTIPOLO,Bagong Nayon,06/01/2023,59,56
RIZAL,CITY OF ANTIPOLO,Beverly Hills,06/01/2023,4,1
RIZAL,CITY OF ANTIPOLO,Calawis,06/01/2023,8,10
RIZAL,CITY OF ANTIPOLO,Cupang,06/01/2023,73,84
RIZAL,CITY OF ANTIPOLO,Dalig,06/01/2023,93,115
RIZAL,CITY OF ANTIPOLO,Dela Paz (Pob.),06/01/2023,116,160
RIZAL,CITY OF ANTIPOLO,Inarawan,06/01/2023,56,55
RIZAL,CITY OF ANTIPOLO,Mambugan,06/01/2023,64,75
RIZAL,CITY OF ANTIPOLO,Mayamot,06/01/2023,71,88
RIZAL,CITY OF ANTIPOLO,Muntingdilaw,06/01/2023,10,14
RIZAL,CITY OF ANTIPOLO,San Isidro (Pob.),06/01/2023,93,86
RIZAL,CITY OF ANTIPOLO,San Jose (Pob.),06/01/2023,177,202
RIZAL,CITY OF ANTIPOLO,San Juan,06/01/2023,9,25
RIZAL,CITY OF ANTIPOLO,San Luis,06/01/2023,92,123
RIZAL,CITY OF ANTIPOLO,San Roque (Pob.),06/01/2023,123,140
RIZAL,CITY OF ANTIPOLO,Santa Cruz,06/01/2023,93,114
RIZAL,ANGONO,San Roque,06/01/2023,28,30
RIZAL,ANGONO,Mahabang Parang,06/01/2023,97,82
RIZAL,ANGONO,San Vicente,06/01/2023,23,38
RIZAL,ANGONO,San Pedro,06/01/2023,4,6
RIZAL,ANGONO,Santo Niño,06/01/2023,10,11
RIZAL,ANGONO,Kalayaan,06/01/2023,34,38
RIZAL,ANGONO,Poblacion Ibaba,06/01/2023,4,10
RIZAL,ANGONO,Bagumbayan,06/01/2023,8,18
RIZAL,ANGONO,Poblacion Itaas,06/01/2023,1,2
RIZAL,ANGONO,San Isidro,06/01/2023,75,103
RIZAL,TAYTAY,San Juan,06/01/2023,127,145
RIZAL,TAYTAY,Muzon,06/01/2023,29,27
RIZAL,TAYTAY,San Isidro,06/01/2023,26,55
RIZAL,TAYTAY,Santa Ana,06/01/2023,68,63
RIZAL,CAINTA,Santo Niño,06/01/2023,9,15
RIZAL,CAINTA,Santa Rosa,06/01/2023,3,4
RIZAL,CAINTA,San Roque,06/01/2023,26,38
RIZAL,CAINTA,Santo Domingo,06/01/2023,40,58
RIZAL,CAINTA,San Andres (Pob.),06/01/2023,107,117
RIZAL,CAINTA,San Juan,06/01/2023,121,131
RIZAL,CAINTA,San Isidro,06/01/2023,38,66
RIZAL,CITY OF ANTIPOLO,Dalig,07/01/2023,103,119
RIZAL,CITY OF ANTIPOLO,Dela Paz (Pob.),07/01/2023,132,196
RIZAL,CITY OF ANTIPOLO,Inarawan,07/01/2023,39,53
RIZAL,CITY OF ANTIPOLO,Mambugan,07/01/2023,73,68
RIZAL,CITY OF ANTIPOLO,Mayamot,07/01/2023,94,88
RIZAL,ANGONO,Santo Niño,07/01/2023,7,3
RIZAL,ANGONO,San Roque,07/01/2023,25,35
RIZAL,ANGONO,Mahabang Parang,07/01/2023,67,76
RIZAL,ANGONO,Kalayaan,07/01/2023,36,38
RIZAL,ANGONO,Bagumbayan,07/01/2023,4,9
RIZAL,ANGONO,Poblacion Itaas,07/01/2023,2,3
RIZAL,ANGONO,San Isidro,07/01/2023,63,76
RIZAL,ANGONO,San Pedro,07/01/2023,4,10
RIZAL,ANGONO,Poblacion Ibaba,07/01/2023,13,13
RIZAL,ANGONO,San Vicente,07/01/2023,33,33
RIZAL,TAYTAY,Dolores (Pob.),07/01/2023,55,93
RIZAL,TAYTAY,Muzon,07/01/2023,30,36
RIZAL,TAYTAY,San Isidro,07/01/2023,35,43
RIZAL,TAYTAY,San Juan,07/01/2023,120,154
RIZAL,TAYTAY,Santa Ana,07/01/2023,64,81
RIZAL,CAINTA,Santa Rosa,07/01/2023,3,3
RIZAL,CAINTA,Santo Niño,07/01/2023,9,18
RIZAL,CAINTA,Santo Domingo,07/01/2023,59,53
RIZAL,CAINTA,San Andres (Pob.),07/01/2023,90,142
RIZAL,CAINTA,San Juan,07/01/2023,118,130
RIZAL,CAINTA,San Isidro,07/01/2023,56,51
RIZAL,CAINTA,San Roque,07/01/2023,28,29
RIZAL,CITY OF ANTIPOLO,Muntingdilaw,07/01/2023,17,16
RIZAL,CITY OF ANTIPOLO,San Isidro (Pob.),07/01/2023,123,133
RIZAL,CITY OF ANTIPOLO,San Jose (Pob.),07/01/2023,226,286
RIZAL,CITY OF ANTIPOLO,San Juan,07/01/2023,14,30
RIZAL,CITY OF ANTIPOLO,San Luis,07/01/2023,119,122
RIZAL,CITY OF ANTIPOLO,San Roque (Pob.),07/01/2023,148,151
RIZAL,CITY OF ANTIPOLO,Santa Cruz,07/01/2023,90,109
RIZAL,CITY OF ANTIPOLO,Bagong Nayon,07/01/2023,67,89
RIZAL,CITY OF ANTIPOLO,Beverly Hills,07/01/2023,6,3
RIZAL,CITY OF ANTIPOLO,Calawis,07/01/2023,7,5
RIZAL,CITY OF ANTIPOLO,Cupang,07/01/2023,87,85
RIZAL,ANGONO,Poblacion Ibaba,08/01/2023,10,6
RIZAL,ANGONO,San Roque,08/01/2023,35,41
RIZAL,ANGONO,Kalayaan,08/01/2023,37,51
RIZAL,ANGONO,Santo Niño,08/01/2023,9,12
RIZAL,ANGONO,Bagumbayan,08/01/2023,9,6
RIZAL,ANGONO,Poblacion Itaas,08/01/2023,1,2
RIZAL,ANGONO,San Pedro,08/01/2023,9,9
RIZAL,ANGONO,Mahabang Parang,08/01/2023,83,94
RIZAL,ANGONO,San Vicente,08/01/2023,63,59
RIZAL,ANGONO,San Isidro,08/01/2023,79,89
RIZAL,TAYTAY,Dolores (Pob.),08/01/2023,64,74
RIZAL,TAYTAY,Muzon,08/01/2023,31,34
RIZAL,TAYTAY,San Isidro,08/01/2023,33,40
RIZAL,TAYTAY,San Juan,08/01/2023,129,128
RIZAL,TAYTAY,Santa Ana,08/01/2023,52,82
RIZAL,CAINTA,Santo Domingo,08/01/2023,60,81
RIZAL,CAINTA,San Roque,08/01/2023,44,49
RIZAL,CAINTA,San Andres (Pob.),08/01/2023,130,147
RIZAL,CAINTA,Santa Rosa,08/01/2023,2,6
RIZAL,CAINTA,Santo Niño,08/01/2023,6,6
RIZAL,CAINTA,San Isidro,08/01/2023,57,85
RIZAL,CAINTA,San Juan,08/01/2023,119,140
RIZAL,CITY OF ANTIPOLO,Bagong Nayon,08/01/2023,65,83
RIZAL,CITY OF ANTIPOLO,Cupang,08/01/2023,88,111
RIZAL,CITY OF ANTIPOLO,Dalig,08/01/2023,116,140
RIZAL,CITY OF ANTIPOLO,Dela Paz (Pob.),08/01/2023,133,175
RIZAL,CITY OF ANTIPOLO,Inarawan,08/01/2023,44,67
RIZAL,CITY OF ANTIPOLO,Mambugan,08/01/2023,72,96
RIZAL,CITY OF ANTIPOLO,Mayamot,08/01/2023,91,125
RIZAL,CITY OF ANTIPOLO,Muntingdilaw,08/01/2023,12,17
RIZAL,CITY OF ANTIPOLO,San Isidro (Pob.),08/01/2023,118,160
RIZAL,CITY OF ANTIPOLO,San Jose (Pob.),08/01/2023,224,263
RIZAL,CITY OF ANTIPOLO,San Juan,08/01/2023,11,19
RIZAL,CITY OF ANTIPOLO,San Luis,08/01/2023,108,127
RIZAL,CITY OF ANTIPOLO,San Roque (Pob.),08/01/2023,148,191
RIZAL,CITY OF ANTIPOLO,Santa Cruz,08/01/2023,124,109
RIZAL,CITY OF ANTIPOLO,Calawis,08/01/2023,6,9
RIZAL,CITY OF ANTIPOLO,Beverly Hills,08/01/2023,3,4
RIZAL,ANGONO,Poblacion Itaas,09/01/2023,0,1
RIZAL,ANGONO,Bagumbayan,09/01/2023,7,10
RIZAL,ANGONO,San Roque,09/01/2023,35,65
RIZAL,ANGONO,Poblacion Ibaba,09/01/2023,14,15
RIZAL,ANGONO,San Pedro,09/01/2023,6,11
RIZAL,ANGONO,San Isidro,09/01/2023,83,132
RIZAL,ANGONO,Santo Niño,09/01/2023,10,16
RIZAL,ANGONO,Kalayaan,09/01/2023,34,65
RIZAL,ANGONO,Mahabang Parang,09/01/2023,78,94
RIZAL,ANGONO,San Vicente,09/01/2023,58,71
RIZAL,TAYTAY,Dolores (Pob.),09/01/2023,86,92
RIZAL,TAYTAY,San Juan,09/01/2023,162,137
RIZAL,TAYTAY,Muzon,09/01/2023,42,49
RIZAL,TAYTAY,San Isidro,09/01/2023,43,51
RIZAL,TAYTAY,Santa Ana,09/01/2023,65,76
RIZAL,CAINTA,San Andres (Pob.),09/01/2023,116,146
RIZAL,CAINTA,San Roque,09/01/2023,31,50
RIZAL,CAINTA,San Juan,09/01/2023,117,164
RIZAL,CAINTA,Santo Domingo,09/01/2023,44,86
RIZAL,CAINTA,Santa Rosa,09/01/2023,6,4
RIZAL,CAINTA,Santo Niño,09/01/2023,6,11
RIZAL,CAINTA,San Isidro,09/01/2023,64,57
RIZAL,CITY OF ANTIPOLO,Muntingdilaw,09/01/2023,16,18
RIZAL,CITY OF ANTIPOLO,Calawis,09/01/2023,12,17
RIZAL,CITY OF ANTIPOLO,Cupang,09/01/2023,128,97
RIZAL,CITY OF ANTIPOLO,Dela Paz (Pob.),09/01/2023,174,228
RIZAL,CITY OF ANTIPOLO,Mayamot,09/01/2023,104,147
RIZAL,CITY OF ANTIPOLO,San Isidro (Pob.),09/01/2023,127,172
RIZAL,CITY OF ANTIPOLO,San Jose (Pob.),09/01/2023,266,315
RIZAL,CITY OF ANTIPOLO,San Roque (Pob.),09/01/2023,160,229
RIZAL,CITY OF ANTIPOLO,Mambugan,09/01/2023,66,113
RIZAL,CITY OF ANTIPOLO,Bagong Nayon,09/01/2023,79,106
RIZAL,CITY OF ANTIPOLO,Beverly Hills,09/01/2023,7,1
RIZAL,CITY OF ANTIPOLO,Dalig,09/01/2023,120,189
RIZAL,CITY OF ANTIPOLO,Inarawan,09/01/2023,57,66
RIZAL,CITY OF ANTIPOLO,San Juan,09/01/2023,26,27
RIZAL,CITY OF ANTIPOLO,San Luis,09/01/2023,150,165
RIZAL,CITY OF ANTIPOLO,Santa Cruz,09/01/2023,124,183
RIZAL,ANGONO,Poblacion Ibaba,10/01/2023,10,15
RIZAL,ANGONO,Kalayaan,10/01/2023,33,67
RIZAL,ANGONO,Poblacion Itaas,10/01/2023,0,0
RIZAL,ANGONO,Bagumbayan,10/01/2023,8,5
RIZAL,ANGONO,San Vicente,10/01/2023,48,48
RIZAL,ANGONO,San Roque,10/01/2023,30,37
RIZAL,ANGONO,Santo Niño,10/01/2023,15,10
RIZAL,ANGONO,Mahabang Parang,10/01/2023,90,96
RIZAL,ANGONO,San Isidro,10/01/2023,79,127
RIZAL,ANGONO,San Pedro,10/01/2023,5,16
RIZAL,TAYTAY,Dolores (Pob.),10/01/2023,105,120
RIZAL,TAYTAY,Muzon,10/01/2023,36,41
RIZAL,TAYTAY,San Isidro,10/01/2023,42,53
RIZAL,TAYTAY,San Juan,10/01/2023,169,171
RIZAL,TAYTAY,Santa Ana,10/01/2023,59,96
RIZAL,CAINTA,San Roque,10/01/2023,21,27
RIZAL,CAINTA,Santo Domingo,10/01/2023,47,53
RIZAL,CAINTA,San Andres (Pob.),10/01/2023,107,124
RIZAL,CAINTA,San Juan,10/01/2023,100,103
RIZAL,CAINTA,Santo Niño,10/01/2023,8,17
RIZAL,CAINTA,Santa Rosa,10/01/2023,0,0
RIZAL,CAINTA,San Isidro,10/01/2023,29,64
RIZAL,CITY OF ANTIPOLO,Muntingdilaw,10/01/2023,7,19
RIZAL,CITY OF ANTIPOLO,Calawis,10/01/2023,12,12
RIZAL,CITY OF ANTIPOLO,Cupang,10/01/2023,139,146
RIZAL,CITY OF ANTIPOLO,Dela Paz (Pob.),10/01/2023,191,283
RIZAL,CITY OF ANTIPOLO,Mayamot,10/01/2023,127,141
RIZAL,CITY OF ANTIPOLO,San Isidro (Pob.),10/01/2023,148,165
RIZAL,CITY OF ANTIPOLO,San Jose (Pob.),10/01/2023,317,384
RIZAL,CITY OF ANTIPOLO,San Roque (Pob.),10/01/2023,189,266
RIZAL,CITY OF ANTIPOLO,Mambugan,10/01/2023,95,116
RIZAL,CITY OF ANTIPOLO,Bagong Nayon,10/01/2023,91,140
RIZAL,CITY OF ANTIPOLO,Beverly Hills,10/01/2023,6,12
RIZAL,CITY OF ANTIPOLO,Dalig,10/01/2023,134,185
RIZAL,CITY OF ANTIPOLO,Inarawan,10/01/2023,64,81
RIZAL,CITY OF ANTIPOLO,San Juan,10/01/2023,33,30
RIZAL,CITY OF ANTIPOLO,San Luis,10/01/2023,138,212
RIZAL,CITY OF ANTIPOLO,Santa Cruz,10/01/2023,142,169
RIZAL,ANGONO,San Roque,11/01/2023,32,39
RIZAL,ANGONO,Kalayaan,11/01/2023,41,59
RIZAL,ANGONO,Poblacion Ibaba,11/01/2023,10,14
RIZAL,ANGONO,San Isidro,11/01/2023,93,101
RIZAL,ANGONO,Mahabang Parang,11/01/2023,74,115
RIZAL,ANGONO,Santo Niño,11/01/2023,11,12
RIZAL,ANGONO,Bagumbayan,11/01/2023,9,7
RIZAL,ANGONO,Poblacion Itaas,11/01/2023,0,1
RIZAL,ANGONO,San Pedro,11/01/2023,5,10
RIZAL,ANGONO,San Vicente,11/01/2023,35,32
RIZAL,TAYTAY,Dolores (Pob.),11/01/2023,69,84
RIZAL,TAYTAY,Muzon,11/01/2023,21,27
RIZAL,TAYTAY,San Isidro,11/01/2023,33,35
RIZAL,TAYTAY,San Juan,11/01/2023,97,134
RIZAL,TAYTAY,Santa Ana,11/01/2023,50,66
RIZAL,CAINTA,Santo Domingo,11/01/2023,35,64
RIZAL,CAINTA,San Andres (Pob.),11/01/2023,117,130
RIZAL,CAINTA,San Isidro,11/01/2023,44,75
RIZAL,CAINTA,San Juan,11/01/2023,110,122
RIZAL,CAINTA,San Roque,11/01/2023,42,32
RIZAL,CAINTA,Santa Rosa,11/01/2023,1,2
RIZAL,CAINTA,Santo Niño,11/01/2023,11,8
RIZAL,CITY OF ANTIPOLO,Beverly Hills,11/01/2023,5,8
RIZAL,CITY OF ANTIPOLO,Calawis,11/01/2023,28,25
RIZAL,CITY OF ANTIPOLO,Cupang,11/01/2023,134,126
RIZAL,CITY OF ANTIPOLO,Dalig,11/01/2023,138,188
RIZAL,CITY OF ANTIPOLO,Dela Paz (Pob.),11/01/2023,195,260
RIZAL,CITY OF ANTIPOLO,Inarawan,11/01/2023,62,74
RIZAL,CITY OF ANTIPOLO,Mambugan,11/01/2023,102,128
RIZAL,CITY OF ANTIPOLO,Mayamot,11/01/2023,122,161
RIZAL,CITY OF ANTIPOLO,Muntingdilaw,11/01/2023,14,13
RIZAL,CITY OF ANTIPOLO,San Isidro (Pob.),11/01/2023,160,186
RIZAL,CITY OF ANTIPOLO,Bagong Nayon,11/01/2023,109,125
RIZAL,CITY OF ANTIPOLO,San Jose (Pob.),11/01/2023,317,377
RIZAL,CITY OF ANTIPOLO,San Juan,11/01/2023,27,23
RIZAL,CITY OF ANTIPOLO,San Luis,11/01/2023,152,160
RIZAL,CITY OF ANTIPOLO,San Roque (Pob.),11/01/2023,214,264
RIZAL,CITY OF ANTIPOLO,Santa Cruz,11/01/2023,157,169
RIZAL,ANGONO,Bagumbayan,12/01/2023,2,5
RIZAL,ANGONO,Kalayaan,12/01/2023,41,52
RIZAL,ANGONO,Mahabang Parang,12/01/2023,76,97
RIZAL,ANGONO,Poblacion Ibaba,12/01/2023,13,15
RIZAL,ANGONO,Poblacion Itaas,12/01/2023,0,2
RIZAL,ANGONO,San Isidro,12/01/2023,74,98
RIZAL,ANGONO,San Pedro,12/01/2023,3,1
RIZAL,ANGONO,San Roque,12/01/2023,29,26
RIZAL,ANGONO,San Vicente,12/01/2023,36,56
RIZAL,ANGONO,Santo Niño,12/01/2023,5,5
RIZAL,TAYTAY,San Juan,12/01/2023,121,119
RIZAL,TAYTAY,Dolores (Pob.),12/01/2023,63,70
RIZAL,TAYTAY,Muzon,12/01/2023,35,29
RIZAL,TAYTAY,San Isidro,12/01/2023,35,40
RIZAL,TAYTAY,Santa Ana,12/01/2023,49,40
RIZAL,CAINTA,San Andres (Pob.),12/01/2023,106,120
RIZAL,CAINTA,Santo Domingo,12/01/2023,42,52
RIZAL,CAINTA,San Juan,12/01/2023,19,23
RIZAL,CAINTA,San Roque,12/01/2023,38,32
RIZAL,CAINTA,San Isidro,12/01/2023,25,60
RIZAL,CAINTA,Santa Rosa,12/01/2023,2,4
RIZAL,CAINTA,Santo Niño,12/01/2023,5,12
RIZAL,CITY OF ANTIPOLO,Beverly Hills,12/01/2023,0,0
RIZAL,CITY OF ANTIPOLO,Calawis,12/01/2023,2,7
RIZAL,CITY OF ANTIPOLO,Cupang,12/01/2023,37,53
RIZAL,CITY OF ANTIPOLO,Dalig,12/01/2023,29,57
RIZAL,CITY OF ANTIPOLO,Dela Paz (Pob.),12/01/2023,63,76
RIZAL,CITY OF ANTIPOLO,Inarawan,12/01/2023,20,25
RIZAL,CITY OF ANTIPOLO,Mambugan,12/01/2023,29,43
RIZAL,CITY OF ANTIPOLO,Mayamot,12/01/2023,40,46
RIZAL,CITY OF ANTIPOLO,Muntingdilaw,12/01/2023,4,6
RIZAL,CITY OF ANTIPOLO,San Isidro (Pob.),12/01/2023,54,57
RIZAL,CITY OF ANTIPOLO,Bagong Nayon,12/01/2023,34,35
RIZAL,CITY OF ANTIPOLO,San Jose (Pob.),12/01/2023,92,110
RIZAL,CITY OF ANTIPOLO,San Juan,12/01/2023,9,11
RIZAL,CITY OF ANTIPOLO,San Luis,12/01/2023,49,47
RIZAL,CITY OF ANTIPOLO,San Roque (Pob.),12/01/2023,70,91
RIZAL,CITY OF ANTIPOLO,Santa Cruz,12/01/2023,44,53
RIZAL,ANGONO,Bagumbayan,01/01/2022,5,7
RIZAL,ANGONO,Bagumbayan,02/01/2022,3,0
RIZAL,ANGONO,Bagumbayan,03/01/2022,4,2
RIZAL,ANGONO,Bagumbayan,04/01/2022,4,10
RIZAL,ANGONO,Bagumbayan,05/01/2022,3,6
RIZAL,ANGONO,Bagumbayan,06/01/2022,6,7
RIZAL,ANGONO,Bagumbayan,07/01/2022,4,2
RIZAL,ANGONO,Bagumbayan,08/01/2022,3,10
RIZAL,ANGONO,Bagumbayan,09/01/2022,2,5
RIZAL,ANGONO,Bagumbayan,10/01/2022,8,7
RIZAL,ANGONO,Bagumbayan,11/01/2022,3,3
RIZAL,ANGONO,Bagumbayan,12/01/2022,5,3
RIZAL,ANGONO,Kalayaan,01/01/2022,31,19
RIZAL,ANGONO,Kalayaan,02/01/2022,18,30
RIZAL,ANGONO,Kalayaan,03/01/2022,21,40
RIZAL,ANGONO,Kalayaan,04/01/2022,24,22
RIZAL,ANGONO,Kalayaan,05/01/2022,28,36
RIZAL,ANGONO,Kalayaan,06/01/2022,33,33
RIZAL,ANGONO,Kalayaan,07/01/2022,32,38
RIZAL,ANGONO,Kalayaan,08/01/2022,21,28
RIZAL,ANGONO,Kalayaan,09/01/2022,19,27
RIZAL,ANGONO,Kalayaan,10/01/2022,22,26
RIZAL,ANGONO,Kalayaan,11/01/2022,25,25
RIZAL,ANGONO,Kalayaan,12/01/2022,29,30
RIZAL,ANGONO,Mahabang Parang,01/01/2022,37,48
RIZAL,ANGONO,Mahabang Parang,02/01/2022,34,65
RIZAL,ANGONO,Mahabang Parang,03/01/2022,46,71
RIZAL,ANGONO,Mahabang Parang,04/01/2022,56,36
RIZAL,ANGONO,Mahabang Parang,05/01/2022,54,57
RIZAL,ANGONO,Mahabang Parang,06/01/2022,55,58
RIZAL,ANGONO,Mahabang Parang,07/01/2022,54,56
RIZAL,ANGONO,Mahabang Parang,08/01/2022,58,53
RIZAL,ANGONO,Mahabang Parang,09/01/2022,60,55
RIZAL,ANGONO,Mahabang Parang,10/01/2022,18,24
RIZAL,ANGONO,Mahabang Parang,11/01/2022,36,48
RIZAL,ANGONO,Mahabang Parang,12/01/2022,51,64
RIZAL,ANGONO,Poblacion Ibaba,01/01/2022,6,6
RIZAL,ANGONO,Poblacion Ibaba,02/01/2022,5,2
RIZAL,ANGONO,Poblacion Ibaba,03/01/2022,16,11
RIZAL,ANGONO,Poblacion Ibaba,04/01/2022,6,4
RIZAL,ANGONO,Poblacion Ibaba,05/01/2022,8,14
RIZAL,ANGONO,Poblacion Ibaba,06/01/2022,4,6
RIZAL,ANGONO,Poblacion Ibaba,07/01/2022,6,5
RIZAL,ANGONO,Poblacion Ibaba,08/01/2022,9,5
RIZAL,ANGONO,Poblacion Ibaba,09/01/2022,6,8
RIZAL,ANGONO,Poblacion Ibaba,10/01/2022,6,5
RIZAL,ANGONO,Poblacion Ibaba,11/01/2022,4,8
RIZAL,ANGONO,Poblacion Ibaba,12/01/2022,6,8
RIZAL,ANGONO,Poblacion Itaas,01/01/2022,1,3
RIZAL,ANGONO,Poblacion Itaas,02/01/2022,1,0
RIZAL,ANGONO,Poblacion Itaas,03/01/2022,1,2
RIZAL,ANGONO,Poblacion Itaas,04/01/2022,0,2
RIZAL,ANGONO,Poblacion Itaas,05/01/2022,0,0
RIZAL,ANGONO,Poblacion Itaas,06/01/2022,0,0
RIZAL,ANGONO,Poblacion Itaas,07/01/2022,1,2
RIZAL,ANGONO,Poblacion Itaas,08/01/2022,2,3
RIZAL,ANGONO,Poblacion Itaas,09/01/2022,0,1
RIZAL,ANGONO,Poblacion Itaas,10/01/2022,3,1
RIZAL,ANGONO,Poblacion Itaas,11/01/2022,1,1
RIZAL,ANGONO,Poblacion Itaas,12/01/2022,1,1
RIZAL,ANGONO,San Isidro,01/01/2022,70,79
RIZAL,ANGONO,San Isidro,02/01/2022,55,63
RIZAL,ANGONO,San Isidro,03/01/2022,55,83
RIZAL,ANGONO,San Isidro,04/01/2022,49,73
RIZAL,ANGONO,San Isidro,05/01/2022,63,63
RIZAL,ANGONO,San Isidro,06/01/2022,66,78
RIZAL,ANGONO,San Isidro,07/01/2022,52,70
RIZAL,ANGONO,San Isidro,08/01/2022,59,74
RIZAL,ANGONO,San Isidro,09/01/2022,50,69
RIZAL,ANGONO,San Isidro,10/01/2022,44,58
RIZAL,ANGONO,San Isidro,11/01/2022,41,68
RIZAL,ANGONO,San Isidro,12/01/2022,53,58
RIZAL,ANGONO,San Pedro,01/01/2022,2,10
RIZAL,ANGONO,San Pedro,02/01/2022,2,12
RIZAL,ANGONO,San Pedro,03/01/2022,8,7
RIZAL,ANGONO,San Pedro,04/01/2022,1,2
RIZAL,ANGONO,San Pedro,05/01/2022,9,7
RIZAL,ANGONO,San Pedro,06/01/2022,7,3
RIZAL,ANGONO,San Pedro,07/01/2022,6,4
RIZAL,ANGONO,San Pedro,08/01/2022,4,9
RIZAL,ANGONO,San Pedro,09/01/2022,4,8
RIZAL,ANGONO,San Pedro,10/01/2022,11,1
RIZAL,ANGONO,San Pedro,11/01/2022,3,4
RIZAL,ANGONO,San Pedro,12/01/2022,10,7
RIZAL,ANGONO,San Roque,01/01/2022,24,26
RIZAL,ANGONO,San Roque,02/01/2022,19,23
RIZAL,ANGONO,San Roque,03/01/2022,24,26
RIZAL,ANGONO,San Roque,04/01/2022,25,29
RIZAL,ANGONO,San Roque,05/01/2022,28,24
RIZAL,ANGONO,San Roque,06/01/2022,23,34
RIZAL,ANGONO,San Roque,07/01/2022,27,33
RIZAL,ANGONO,San Roque,08/01/2022,17,29
RIZAL,ANGONO,San Roque,09/01/2022,23,24
RIZAL,ANGONO,San Roque,10/01/2022,21,28
RIZAL,ANGONO,San Roque,11/01/2022,23,28
RIZAL,ANGONO,San Roque,12/01/2022,18,23
RIZAL,ANGONO,San Vicente,01/01/2022,19,22
RIZAL,ANGONO,San Vicente,02/01/2022,20,19
RIZAL,ANGONO,San Vicente,03/01/2022,30,41
RIZAL,ANGONO,San Vicente,04/01/2022,19,24
RIZAL,ANGONO,San Vicente,05/01/2022,20,31
RIZAL,ANGONO,San Vicente,06/01/2022,29,28
RIZAL,ANGONO,San Vicente,07/01/2022,24,24
RIZAL,ANGONO,San Vicente,08/01/2022,22,27
RIZAL,ANGONO,San Vicente,09/01/2022,27,36
RIZAL,ANGONO,San Vicente,10/01/2022,14,28
RIZAL,ANGONO,San Vicente,11/01/2022,18,20
RIZAL,ANGONO,San Vicente,12/01/2022,21,32
RIZAL,ANGONO,Santo Niño,01/01/2022,2,7
RIZAL,ANGONO,Santo Niño,02/01/2022,2,4
RIZAL,ANGONO,Santo Niño,03/01/2022,6,9
RIZAL,ANGONO,Santo Niño,04/01/2022,3,9
RIZAL,ANGONO,Santo Niño,05/01/2022,11,6
RIZAL,ANGONO,Santo Niño,06/01/2022,11,9
RIZAL,ANGONO,Santo Niño,07/01/2022,2,4
RIZAL,ANGONO,Santo Niño,08/01/2022,6,3
RIZAL,ANGONO,Santo Niño,09/01/2022,3,2
RIZAL,ANGONO,Santo Niño,10/01/2022,8,10
RIZAL,ANGONO,Santo Niño,11/01/2022,7,8
RIZAL,ANGONO,Santo Niño,12/01/2022,4,3
RIZAL,CAINTA,San Andres (Pob.),01/01/2022,93,98
RIZAL,CAINTA,San Andres (Pob.),02/01/2022,81,114
RIZAL,CAINTA,San Andres (Pob.),03/01/2022,93,107
RIZAL,CAINTA,San Andres (Pob.),04/01/2022,82,93
RIZAL,CAINTA,San Andres (Pob.),05/01/2022,104,92
RIZAL,CAINTA,San Andres (Pob.),06/01/2022,95,114
RIZAL,CAINTA,San Andres (Pob.),07/01/2022,90,118
RIZAL,CAINTA,San Andres (Pob.),08/01/2022,88,104
RIZAL,CAINTA,San Andres (Pob.),09/01/2022,85,80
RIZAL,CAINTA,San Andres (Pob.),10/01/2022,69,85
RIZAL,CAINTA,San Andres (Pob.),11/01/2022,101,87
RIZAL,CAINTA,San Andres (Pob.),12/01/2022,72,83
RIZAL,CAINTA,San Isidro,01/01/2022,36,51
RIZAL,CAINTA,San Isidro,02/01/2022,39,44
RIZAL,CAINTA,San Isidro,03/01/2022,51,56
RIZAL,CAINTA,San Isidro,04/01/2022,48,40
RIZAL,CAINTA,San Isidro,05/01/2022,41,57
RIZAL,CAINTA,San Isidro,06/01/2022,42,56
RIZAL,CAINTA,San Isidro,07/01/2022,48,42
RIZAL,CAINTA,San Isidro,08/01/2022,52,56
RIZAL,CAINTA,San Isidro,09/01/2022,39,53
RIZAL,CAINTA,San Isidro,10/01/2022,36,45
RIZAL,CAINTA,San Isidro,11/01/2022,42,38
RIZAL,CAINTA,San Isidro,12/01/2022,39,46
RIZAL,CAINTA,San Juan,01/01/2022,105,105
RIZAL,CAINTA,San Juan,02/01/2022,121,101
RIZAL,CAINTA,San Juan,03/01/2022,143,153
RIZAL,CAINTA,San Juan,04/01/2022,97,116
RIZAL,CAINTA,San Juan,05/01/2022,114,128
RIZAL,CAINTA,San Juan,06/01/2022,113,148
RIZAL,CAINTA,San Juan,07/01/2022,83,111
RIZAL,CAINTA,San Juan,08/01/2022,105,144
RIZAL,CAINTA,San Juan,09/01/2022,106,101
RIZAL,CAINTA,San Juan,10/01/2022,98,118
RIZAL,CAINTA,San Juan,11/01/2022,95,100
RIZAL,CAINTA,San Juan,12/01/2022,71,102
RIZAL,CAINTA,San Roque,01/01/2022,23,18
RIZAL,CAINTA,San Roque,02/01/2022,18,14
RIZAL,CAINTA,San Roque,03/01/2022,27,30
RIZAL,CAINTA,San Roque,04/01/2022,21,32
RIZAL,CAINTA,San Roque,05/01/2022,31,26
RIZAL,CAINTA,San Roque,06/01/2022,34,21
RIZAL,CAINTA,San Roque,07/01/2022,22,27
RIZAL,CAINTA,San Roque,08/01/2022,22,16
RIZAL,CAINTA,San Roque,09/01/2022,19,32
RIZAL,CAINTA,San Roque,10/01/2022,11,32
RIZAL,CAINTA,San Roque,11/01/2022,29,17
RIZAL,CAINTA,San Roque,12/01/2022,19,25
RIZAL,CAINTA,Santa Rosa,01/01/2022,2,3
RIZAL,CAINTA,Santa Rosa,02/01/2022,0,6
RIZAL,CAINTA,Santa Rosa,03/01/2022,3,0
RIZAL,CAINTA,Santa Rosa,04/01/2022,4,3
RIZAL,CAINTA,Santa Rosa,05/01/2022,1,3
RIZAL,CAINTA,Santa Rosa,06/01/2022,1,1
RIZAL,CAINTA,Santa Rosa,07/01/2022,1,0
RIZAL,CAINTA,Santa Rosa,08/01/2022,3,1
RIZAL,CAINTA,Santa Rosa,09/01/2022,2,3
RIZAL,CAINTA,Santa Rosa,10/01/2022,4,2
RIZAL,CAINTA,Santa Rosa,11/01/2022,2,2
RIZAL,CAINTA,Santa Rosa,12/01/2022,4,2
RIZAL,CAINTA,Santo Domingo,01/01/2022,36,46
RIZAL,CAINTA,Santo Domingo,02/01/2022,31,50
RIZAL,CAINTA,Santo Domingo,03/01/2022,57,85
RIZAL,CAINTA,Santo Domingo,04/01/2022,55,66
RIZAL,CAINTA,Santo Domingo,05/01/2022,50,60
RIZAL,CAINTA,Santo Domingo,06/01/2022,46,52
RIZAL,CAINTA,Santo Domingo,07/01/2022,45,59
RIZAL,CAINTA,Santo Domingo,08/01/2022,39,46
RIZAL,CAINTA,Santo Domingo,09/01/2022,43,41
RIZAL,CAINTA,Santo Domingo,10/01/2022,44,71
RIZAL,CAINTA,Santo Domingo,11/01/2022,44,46
RIZAL,CAINTA,Santo Domingo,12/01/2022,40,46
RIZAL,CAINTA,Santo Niño,01/01/2022,5,7
RIZAL,CAINTA,Santo Niño,02/01/2022,10,10
RIZAL,CAINTA,Santo Niño,03/01/2022,11,10
RIZAL,CAINTA,Santo Niño,04/01/2022,1,8
RIZAL,CAINTA,Santo Niño,05/01/2022,1,11
RIZAL,CAINTA,Santo Niño,06/01/2022,13,12
RIZAL,CAINTA,Santo Niño,07/01/2022,5,10
RIZAL,CAINTA,Santo Niño,08/01/2022,5,7
RIZAL,CAINTA,Santo Niño,09/01/2022,11,9
RIZAL,CAINTA,Santo Niño,10/01/2022,6,3
RIZAL,CAINTA,Santo Niño,11/01/2022,7,9
RIZAL,CAINTA,Santo Niño,12/01/2022,23,4
RIZAL,CITY OF ANTIPOLO,Bagong Nayon,01/01/2022,51,41
RIZAL,CITY OF ANTIPOLO,Bagong Nayon,02/01/2022,51,67
RIZAL,CITY OF ANTIPOLO,Bagong Nayon,03/01/2022,70,54
RIZAL,CITY OF ANTIPOLO,Bagong Nayon,04/01/2022,74,62
RIZAL,CITY OF ANTIPOLO,Bagong Nayon,05/01/2022,84,73
RIZAL,CITY OF ANTIPOLO,Bagong Nayon,06/01/2022,64,64
RIZAL,CITY OF ANTIPOLO,Bagong Nayon,07/01/2022,68,65
RIZAL,CITY OF ANTIPOLO,Bagong Nayon,08/01/2022,58,56
RIZAL,CITY OF ANTIPOLO,Bagong Nayon,09/01/2022,57,80
RIZAL,CITY OF ANTIPOLO,Bagong Nayon,10/01/2022,60,71
RIZAL,CITY OF ANTIPOLO,Bagong Nayon,11/01/2022,59,67
RIZAL,CITY OF ANTIPOLO,Bagong Nayon,12/01/2022,50,54
RIZAL,CITY OF ANTIPOLO,Beverly Hills,01/01/2022,5,10
RIZAL,CITY OF ANTIPOLO,Beverly Hills,02/01/2022,2,6
RIZAL,CITY OF ANTIPOLO,Beverly Hills,03/01/2022,2,1
RIZAL,CITY OF ANTIPOLO,Beverly Hills,04/01/2022,3,3
RIZAL,CITY OF ANTIPOLO,Beverly Hills,05/01/2022,0,1
RIZAL,CITY OF ANTIPOLO,Beverly Hills,06/01/2022,1,4
RIZAL,CITY OF ANTIPOLO,Beverly Hills,07/01/2022,5,3
RIZAL,CITY OF ANTIPOLO,Beverly Hills,08/01/2022,5,5
RIZAL,CITY OF ANTIPOLO,Beverly Hills,09/01/2022,3,4
RIZAL,CITY OF ANTIPOLO,Beverly Hills,10/01/2022,4,5
RIZAL,CITY OF ANTIPOLO,Beverly Hills,11/01/2022,2,1
RIZAL,CITY OF ANTIPOLO,Beverly Hills,12/01/2022,5,3
RIZAL,CITY OF ANTIPOLO,Calawis,01/01/2022,5,6
RIZAL,CITY OF ANTIPOLO,Calawis,02/01/2022,12,6
RIZAL,CITY OF ANTIPOLO,Calawis,03/01/2022,3,6
RIZAL,CITY OF ANTIPOLO,Calawis,04/01/2022,10,7
RIZAL,CITY OF ANTIPOLO,Calawis,05/01/2022,6,5
RIZAL,CITY OF ANTIPOLO,Calawis,06/01/2022,8,2
RIZAL,CITY OF ANTIPOLO,Calawis,07/01/2022,5,5
RIZAL,CITY OF ANTIPOLO,Calawis,08/01/2022,11,4
RIZAL,CITY OF ANTIPOLO,Calawis,09/01/2022,10,11
RIZAL,CITY OF ANTIPOLO,Calawis,10/01/2022,12,12
RIZAL,CITY OF ANTIPOLO,Calawis,11/01/2022,7,14
RIZAL,CITY OF ANTIPOLO,Calawis,12/01/2022,10,14
RIZAL,CITY OF ANTIPOLO,Cupang,01/01/2022,59,65
RIZAL,CITY OF ANTIPOLO,Cupang,02/01/2022,63,64
RIZAL,CITY OF ANTIPOLO,Cupang,03/01/2022,89,93
RIZAL,CITY OF ANTIPOLO,Cupang,04/01/2022,73,68
RIZAL,CITY OF ANTIPOLO,Cupang,05/01/2022,79,77
RIZAL,CITY OF ANTIPOLO,Cupang,06/01/2022,94,106
RIZAL,CITY OF ANTIPOLO,Cupang,07/01/2022,98,87
RIZAL,CITY OF ANTIPOLO,Cupang,08/01/2022,87,77
RIZAL,CITY OF ANTIPOLO,Cupang,09/01/2022,74,87
RIZAL,CITY OF ANTIPOLO,Cupang,10/01/2022,69,76
RIZAL,CITY OF ANTIPOLO,Cupang,11/01/2022,45,76
RIZAL,CITY OF ANTIPOLO,Cupang,12/01/2022,69,88
RIZAL,CITY OF ANTIPOLO,Dalig,01/01/2022,76,65
RIZAL,CITY OF ANTIPOLO,Dalig,02/01/2022,77,94
RIZAL,CITY OF ANTIPOLO,Dalig,03/01/2022,92,96
RIZAL,CITY OF ANTIPOLO,Dalig,04/01/2022,94,114
RIZAL,CITY OF ANTIPOLO,Dalig,05/01/2022,112,119
RIZAL,CITY OF ANTIPOLO,Dalig,06/01/2022,123,132
RIZAL,CITY OF ANTIPOLO,Dalig,07/01/2022,94,118
RIZAL,CITY OF ANTIPOLO,Dalig,08/01/2022,114,107
RIZAL,CITY OF ANTIPOLO,Dalig,09/01/2022,88,97
RIZAL,CITY OF ANTIPOLO,Dalig,10/01/2022,87,81
RIZAL,CITY OF ANTIPOLO,Dalig,11/01/2022,81,98
RIZAL,CITY OF ANTIPOLO,Dalig,12/01/2022,93,93
RIZAL,CITY OF ANTIPOLO,Dela Paz (Pob.),01/01/2022,96,94
RIZAL,CITY OF ANTIPOLO,Dela Paz (Pob.),02/01/2022,107,129
RIZAL,CITY OF ANTIPOLO,Dela Paz (Pob.),03/01/2022,138,145
RIZAL,CITY OF ANTIPOLO,Dela Paz (Pob.),04/01/2022,142,142
RIZAL,CITY OF ANTIPOLO,Dela Paz (Pob.),05/01/2022,139,147
RIZAL,CITY OF ANTIPOLO,Dela Paz (Pob.),06/01/2022,140,179
RIZAL,CITY OF ANTIPOLO,Dela Paz (Pob.),07/01/2022,140,155
RIZAL,CITY OF ANTIPOLO,Dela Paz (Pob.),08/01/2022,132,147
RIZAL,CITY OF ANTIPOLO,Dela Paz (Pob.),09/01/2022,144,128
RIZAL,CITY OF ANTIPOLO,Dela Paz (Pob.),10/01/2022,126,129
RIZAL,CITY OF ANTIPOLO,Dela Paz (Pob.),11/01/2022,123,131
RIZAL,CITY OF ANTIPOLO,Dela Paz (Pob.),12/01/2022,135,128
RIZAL,CITY OF ANTIPOLO,Inarawan,01/01/2022,34,35
RIZAL,CITY OF ANTIPOLO,Inarawan,02/01/2022,45,43
RIZAL,CITY OF ANTIPOLO,Inarawan,03/01/2022,41,55
RIZAL,CITY OF ANTIPOLO,Inarawan,04/01/2022,34,49
RIZAL,CITY OF ANTIPOLO,Inarawan,05/01/2022,44,60
RIZAL,CITY OF ANTIPOLO,Inarawan,06/01/2022,46,41
RIZAL,CITY OF ANTIPOLO,Inarawan,07/01/2022,43,56
RIZAL,CITY OF ANTIPOLO,Inarawan,08/01/2022,34,37
RIZAL,CITY OF ANTIPOLO,Inarawan,09/01/2022,37,35
RIZAL,CITY OF ANTIPOLO,Inarawan,10/01/2022,43,35
RIZAL,CITY OF ANTIPOLO,Inarawan,11/01/2022,29,36
RIZAL,CITY OF ANTIPOLO,Inarawan,12/01/2022,41,40
RIZAL,CITY OF ANTIPOLO,Mambugan,01/01/2022,55,45
RIZAL,CITY OF ANTIPOLO,Mambugan,02/01/2022,67,73
RIZAL,CITY OF ANTIPOLO,Mambugan,03/01/2022,73,82
RIZAL,CITY OF ANTIPOLO,Mambugan,04/01/2022,64,61
RIZAL,CITY OF ANTIPOLO,Mambugan,05/01/2022,52,70
RIZAL,CITY OF ANTIPOLO,Mambugan,06/01/2022,64,65
RIZAL,CITY OF ANTIPOLO,Mambugan,07/01/2022,68,71
RIZAL,CITY OF ANTIPOLO,Mambugan,08/01/2022,59,78
RIZAL,CITY OF ANTIPOLO,Mambugan,09/01/2022,51,56
RIZAL,CITY OF ANTIPOLO,Mambugan,10/01/2022,54,60
RIZAL,CITY OF ANTIPOLO,Mambugan,11/01/2022,55,60
RIZAL,CITY OF ANTIPOLO,Mambugan,12/01/2022,67,49
RIZAL,CITY OF ANTIPOLO,Mayamot,01/01/2022,77,57
RIZAL,CITY OF ANTIPOLO,Mayamot,02/01/2022,83,77
RIZAL,CITY OF ANTIPOLO,Mayamot,03/01/2022,91,114
RIZAL,CITY OF ANTIPOLO,Mayamot,04/01/2022,112,113
RIZAL,CITY OF ANTIPOLO,Mayamot,05/01/2022,129,105
RIZAL,CITY OF ANTIPOLO,Mayamot,06/01/2022,120,110
RIZAL,CITY OF ANTIPOLO,Mayamot,07/01/2022,100,90
RIZAL,CITY OF ANTIPOLO,Mayamot,08/01/2022,74,105
RIZAL,CITY OF ANTIPOLO,Mayamot,09/01/2022,46,95
RIZAL,CITY OF ANTIPOLO,Mayamot,10/01/2022,71,92
RIZAL,CITY OF ANTIPOLO,Mayamot,11/01/2022,68,76
RIZAL,CITY OF ANTIPOLO,Mayamot,12/01/2022,58,75
RIZAL,CITY OF ANTIPOLO,Muntingdilaw,01/01/2022,10,6
RIZAL,CITY OF ANTIPOLO,Muntingdilaw,02/01/2022,7,7
RIZAL,CITY OF ANTIPOLO,Muntingdilaw,03/01/2022,8,12
RIZAL,CITY OF ANTIPOLO,Muntingdilaw,04/01/2022,12,19
RIZAL,CITY OF ANTIPOLO,Muntingdilaw,05/01/2022,15,10
RIZAL,CITY OF ANTIPOLO,Muntingdilaw,06/01/2022,14,14
RIZAL,CITY OF ANTIPOLO,Muntingdilaw,07/01/2022,11,13
RIZAL,CITY OF ANTIPOLO,Muntingdilaw,08/01/2022,9,12
RIZAL,CITY OF ANTIPOLO,Muntingdilaw,09/01/2022,7,12
RIZAL,CITY OF ANTIPOLO,Muntingdilaw,10/01/2022,7,13
RIZAL,CITY OF ANTIPOLO,Muntingdilaw,11/01/2022,7,11
RIZAL,CITY OF ANTIPOLO,Muntingdilaw,12/01/2022,6,12
RIZAL,CITY OF ANTIPOLO,San Isidro (Pob.),01/01/2022,81,78
RIZAL,CITY OF ANTIPOLO,San Isidro (Pob.),02/01/2022,90,88
RIZAL,CITY OF ANTIPOLO,San Isidro (Pob.),03/01/2022,117,96
RIZAL,CITY OF ANTIPOLO,San Isidro (Pob.),04/01/2022,108,127
RIZAL,CITY OF ANTIPOLO,San Isidro (Pob.),05/01/2022,144,126
RIZAL,CITY OF ANTIPOLO,San Isidro (Pob.),06/01/2022,126,123
RIZAL,CITY OF ANTIPOLO,San Isidro (Pob.),07/01/2022,122,137
RIZAL,CITY OF ANTIPOLO,San Isidro (Pob.),08/01/2022,101,99
RIZAL,CITY OF ANTIPOLO,San Isidro (Pob.),09/01/2022,99,90
RIZAL,CITY OF ANTIPOLO,San Isidro (Pob.),10/01/2022,91,92
RIZAL,CITY OF ANTIPOLO,San Isidro (Pob.),11/01/2022,96,108
RIZAL,CITY OF ANTIPOLO,San Isidro (Pob.),12/01/2022,93,117
RIZAL,CITY OF ANTIPOLO,San Jose (Pob.),01/01/2022,137,130
RIZAL,CITY OF ANTIPOLO,San Jose (Pob.),02/01/2022,177,177
RIZAL,CITY OF ANTIPOLO,San Jose (Pob.),03/01/2022,200,208
RIZAL,CITY OF ANTIPOLO,San Jose (Pob.),04/01/2022,212,179
RIZAL,CITY OF ANTIPOLO,San Jose (Pob.),05/01/2022,247,234
RIZAL,CITY OF ANTIPOLO,San Jose (Pob.),06/01/2022,206,243
RIZAL,CITY OF ANTIPOLO,San Jose (Pob.),07/01/2022,218,220
RIZAL,CITY OF ANTIPOLO,San Jose (Pob.),08/01/2022,191,225
RIZAL,CITY OF ANTIPOLO,San Jose (Pob.),09/01/2022,165,212
RIZAL,CITY OF ANTIPOLO,San Jose (Pob.),10/01/2022,163,196
RIZAL,CITY OF ANTIPOLO,San Jose (Pob.),11/01/2022,166,198
RIZAL,CITY OF ANTIPOLO,San Jose (Pob.),12/01/2022,165,185
RIZAL,CITY OF ANTIPOLO,San Juan,01/01/2022,20,19
RIZAL,CITY OF ANTIPOLO,San Juan,02/01/2022,13,19
RIZAL,CITY OF ANTIPOLO,San Juan,03/01/2022,12,15
RIZAL,CITY OF ANTIPOLO,San Juan,04/01/2022,12,14
RIZAL,CITY OF ANTIPOLO,San Juan,05/01/2022,22,26
RIZAL,CITY OF ANTIPOLO,San Juan,06/01/2022,23,25
RIZAL,CITY OF ANTIPOLO,San Juan,07/01/2022,16,22
RIZAL,CITY OF ANTIPOLO,San Juan,08/01/2022,16,18
RIZAL,CITY OF ANTIPOLO,San Juan,09/01/2022,14,19
RIZAL,CITY OF ANTIPOLO,San Juan,10/01/2022,15,14
RIZAL,CITY OF ANTIPOLO,San Juan,11/01/2022,16,15
RIZAL,CITY OF ANTIPOLO,San Juan,12/01/2022,12,15
RIZAL,CITY OF ANTIPOLO,San Luis,01/01/2022,60,71
RIZAL,CITY OF ANTIPOLO,San Luis,02/01/2022,98,99
RIZAL,CITY OF ANTIPOLO,San Luis,03/01/2022,109,134
RIZAL,CITY OF ANTIPOLO,San Luis,04/01/2022,91,112
RIZAL,CITY OF ANTIPOLO,San Luis,05/01/2022,123,123
RIZAL,CITY OF ANTIPOLO,San Luis,06/01/2022,116,126
RIZAL,CITY OF ANTIPOLO,San Luis,07/01/2022,85,115
RIZAL,CITY OF ANTIPOLO,San Luis,08/01/2022,95,105
RIZAL,CITY OF ANTIPOLO,San Luis,09/01/2022,90,102
RIZAL,CITY OF ANTIPOLO,San Luis,10/01/2022,97,94
RIZAL,CITY OF ANTIPOLO,San Luis,11/01/2022,97,103
RIZAL,CITY OF ANTIPOLO,San Luis,12/01/2022,101,115
RIZAL,CITY OF ANTIPOLO,San Roque (Pob.),01/01/2022,88,72
RIZAL,CITY OF ANTIPOLO,San Roque (Pob.),02/01/2022,111,121
RIZAL,CITY OF ANTIPOLO,San Roque (Pob.),03/01/2022,136,159
RIZAL,CITY OF ANTIPOLO,San Roque (Pob.),04/01/2022,124,165
RIZAL,CITY OF ANTIPOLO,San Roque (Pob.),05/01/2022,157,156
RIZAL,CITY OF ANTIPOLO,San Roque (Pob.),06/01/2022,159,178
RIZAL,CITY OF ANTIPOLO,San Roque (Pob.),07/01/2022,146,150
RIZAL,CITY OF ANTIPOLO,San Roque (Pob.),08/01/2022,148,169
RIZAL,CITY OF ANTIPOLO,San Roque (Pob.),09/01/2022,131,121
RIZAL,CITY OF ANTIPOLO,San Roque (Pob.),10/01/2022,88,142
RIZAL,CITY OF ANTIPOLO,San Roque (Pob.),11/01/2022,97,118
RIZAL,CITY OF ANTIPOLO,San Roque (Pob.),12/01/2022,95,137
RIZAL,CITY OF ANTIPOLO,Santa Cruz,01/01/2022,63,55
RIZAL,CITY OF ANTIPOLO,Santa Cruz,02/01/2022,82,82
RIZAL,CITY OF ANTIPOLO,Santa Cruz,03/01/2022,88,121
RIZAL,CITY OF ANTIPOLO,Santa Cruz,04/01/2022,76,102
RIZAL,CITY OF ANTIPOLO,Santa Cruz,05/01/2022,101,107
RIZAL,CITY OF ANTIPOLO,Santa Cruz,06/01/2022,101,125
RIZAL,CITY OF ANTIPOLO,Santa Cruz,07/01/2022,96,108
RIZAL,CITY OF ANTIPOLO,Santa Cruz,08/01/2022,107,91
RIZAL,CITY OF ANTIPOLO,Santa Cruz,09/01/2022,94,87
RIZAL,CITY OF ANTIPOLO,Santa Cruz,10/01/2022,93,88
RIZAL,CITY OF ANTIPOLO,Santa Cruz,11/01/2022,94,95
RIZAL,CITY OF ANTIPOLO,Santa Cruz,12/01/2022,79,79
RIZAL,TAYTAY,Dolores (Pob.),01/01/2022,0,0
RIZAL,TAYTAY,Dolores (Pob.),02/01/2022,0,0
RIZAL,TAYTAY,Dolores (Pob.),03/01/2022,0,0
RIZAL,TAYTAY,Dolores (Pob.),04/01/2022,0,0
RIZAL,TAYTAY,Dolores (Pob.),05/01/2022,0,0
RIZAL,TAYTAY,Dolores (Pob.),06/01/2022,88,100
RIZAL,TAYTAY,Dolores (Pob.),07/01/2022,96,108
RIZAL,TAYTAY,Dolores (Pob.),08/01/2022,0,0
RIZAL,TAYTAY,Dolores (Pob.),09/01/2022,0,0
RIZAL,TAYTAY,Dolores (Pob.),10/01/2022,0,0
RIZAL,TAYTAY,Dolores (Pob.),11/01/2022,86,104
RIZAL,TAYTAY,Muzon,01/01/2022,35,32
RIZAL,TAYTAY,Muzon,02/01/2022,0,0
RIZAL,TAYTAY,Muzon,03/01/2022,0,0
RIZAL,TAYTAY,Muzon,04/01/2022,33,44
RIZAL,TAYTAY,Muzon,05/01/2022,0,0
RIZAL,TAYTAY,Muzon,06/01/2022,33,36
RIZAL,TAYTAY,Muzon,07/01/2022,21,38
RIZAL,TAYTAY,Muzon,08/01/2022,0,0
RIZAL,TAYTAY,Muzon,09/01/2022,0,0
RIZAL,TAYTAY,Muzon,10/01/2022,0,0
RIZAL,TAYTAY,Muzon,11/01/2022,44,52
RIZAL,TAYTAY,San Isidro,01/01/2022,0,0
RIZAL,TAYTAY,San Isidro,02/01/2022,29,45
RIZAL,TAYTAY,San Isidro,03/01/2022,0,0
RIZAL,TAYTAY,San Isidro,04/01/2022,0,0
RIZAL,TAYTAY,San Isidro,05/01/2022,0,0
RIZAL,TAYTAY,San Isidro,06/01/2022,0,0
RIZAL,TAYTAY,San Isidro,07/01/2022,48,50
RIZAL,TAYTAY,San Isidro,08/01/2022,0,0
RIZAL,TAYTAY,San Isidro,09/01/2022,0,0
RIZAL,TAYTAY,San Isidro,10/01/2022,30,21
RIZAL,TAYTAY,San Isidro,11/01/2022,31,36
RIZAL,TAYTAY,San Juan,01/01/2022,0,0
RIZAL,TAYTAY,San Juan,02/01/2022,0,0
RIZAL,TAYTAY,San Juan,03/01/2022,0,0
RIZAL,TAYTAY,San Juan,04/01/2022,182,214
RIZAL,TAYTAY,San Juan,05/01/2022,0,0
RIZAL,TAYTAY,San Juan,06/01/2022,139,170
RIZAL,TAYTAY,San Juan,07/01/2022,141,185
RIZAL,TAYTAY,San Juan,08/01/2022,0,0
RIZAL,TAYTAY,San Juan,09/01/2022,0,0
RIZAL,TAYTAY,San Juan,10/01/2022,0,0
RIZAL,TAYTAY,Santa Ana,02/01/2022,0,0
RIZAL,TAYTAY,Santa Ana,03/01/2022,0,0
RIZAL,TAYTAY,Santa Ana,04/01/2022,0,0
RIZAL,TAYTAY,Santa Ana,05/01/2022,0,0
RIZAL,TAYTAY,Santa Ana,06/01/2022,0,0
RIZAL,TAYTAY,Santa Ana,07/01/2022,82,104
RIZAL,TAYTAY,Santa Ana,08/01/2022,0,0
RIZAL,TAYTAY,Santa Ana,09/01/2022,0,0
RIZAL,TAYTAY,Santa Ana,10/01/2022,0,0
RIZAL,TAYTAY,Santa Ana,12/01/2022,0,0
RIZAL,TAYTAY,Dolores (Pob.),05/01/2021,95,99
RIZAL,TAYTAY,San Juan,05/01/2021,124,108
RIZAL,CITY OF ANTIPOLO,Dalig,09/01/2021,0,0
RIZAL,CITY OF ANTIPOLO,Dela Paz (Pob.),09/01/2021,0,0
RIZAL,CITY OF ANTIPOLO,Inarawan,09/01/2021,0,0
RIZAL,CITY OF ANTIPOLO,Mambugan,09/01/2021,0,0
RIZAL,CITY OF ANTIPOLO,Mayamot,09/01/2021,0,0
RIZAL,CITY OF ANTIPOLO,Muntingdilaw,09/01/2021,0,0
RIZAL,CITY OF ANTIPOLO,San Isidro (Pob.),09/01/2021,0,0
RIZAL,CITY OF ANTIPOLO,San Juan,09/01/2021,0,0
RIZAL,CITY OF ANTIPOLO,San Luis,09/01/2021,0,0
RIZAL,CITY OF ANTIPOLO,San Roque (Pob.),09/01/2021,0,0
RIZAL,CITY OF ANTIPOLO,Santa Cruz,09/01/2021,0,0
RIZAL,CITY OF ANTIPOLO,Calawis,09/01/2021,0,0
RIZAL,CITY OF ANTIPOLO,Beverly Hills,09/01/2021,0,0
RIZAL,CITY OF ANTIPOLO,Cupang,10/01/2021,0,0
RIZAL,CITY OF ANTIPOLO,San Jose (Pob.),10/01/2021,0,0
RIZAL,CITY OF ANTIPOLO,Dalig,10/01/2021,0,0
RIZAL,CITY OF ANTIPOLO,Dela Paz (Pob.),10/01/2021,0,0
RIZAL,CITY OF ANTIPOLO,Inarawan,10/01/2021,0,0
RIZAL,CITY OF ANTIPOLO,Mambugan,10/01/2021,0,0
RIZAL,CITY OF ANTIPOLO,Mayamot,10/01/2021,0,0
RIZAL,CITY OF ANTIPOLO,Bagong Nayon,10/01/2021,0,0
RIZAL,CITY OF ANTIPOLO,Santa Cruz,10/01/2021,0,0
RIZAL,CITY OF ANTIPOLO,San Juan,10/01/2021,0,0
RIZAL,CITY OF ANTIPOLO,San Roque (Pob.),10/01/2021,0,0
RIZAL,CITY OF ANTIPOLO,Muntingdilaw,10/01/2021,0,0
RIZAL,CITY OF ANTIPOLO,San Isidro (Pob.),10/01/2021,0,0
RIZAL,CITY OF ANTIPOLO,San Luis,10/01/2021,0,0
RIZAL,CITY OF ANTIPOLO,Calawis,10/01/2021,0,0
RIZAL,CITY OF ANTIPOLO,Beverly Hills,10/01/2021,0,0
RIZAL,CITY OF ANTIPOLO,Cupang,11/01/2021,0,0
RIZAL,CITY OF ANTIPOLO,San Jose (Pob.),11/01/2021,0,0
RIZAL,CITY OF ANTIPOLO,Dalig,11/01/2021,0,0
RIZAL,CITY OF ANTIPOLO,Dela Paz (Pob.),11/01/2021,0,0
RIZAL,CITY OF ANTIPOLO,Inarawan,11/01/2021,0,0
RIZAL,CITY OF ANTIPOLO,Mambugan,11/01/2021,0,0
RIZAL,CITY OF ANTIPOLO,Mayamot,11/01/2021,0,0
RIZAL,CITY OF ANTIPOLO,Bagong Nayon,11/01/2021,0,0
RIZAL,CITY OF ANTIPOLO,Santa Cruz,11/01/2021,0,0
RIZAL,CITY OF ANTIPOLO,San Juan,11/01/2021,0,0
RIZAL,CITY OF ANTIPOLO,San Roque (Pob.),11/01/2021,0,0
RIZAL,CITY OF ANTIPOLO,Muntingdilaw,11/01/2021,0,0
RIZAL,CITY OF ANTIPOLO,San Isidro (Pob.),11/01/2021,0,0
RIZAL,CITY OF ANTIPOLO,San Luis,11/01/2021,0,0
RIZAL,CITY OF ANTIPOLO,Calawis,11/01/2021,0,0
RIZAL,CITY OF ANTIPOLO,Beverly Hills,11/01/2021,0,0
RIZAL,CITY OF ANTIPOLO,Cupang,12/01/2021,0,0
RIZAL,CITY OF ANTIPOLO,San Jose (Pob.),12/01/2021,0,0
RIZAL,CITY OF ANTIPOLO,Bagong Nayon,12/01/2021,0,0
RIZAL,CITY OF ANTIPOLO,Dalig,12/01/2021,0,0
RIZAL,CITY OF ANTIPOLO,Dela Paz (Pob.),12/01/2021,0,0
RIZAL,CITY OF ANTIPOLO,Inarawan,12/01/2021,0,0
RIZAL,CITY OF ANTIPOLO,Mambugan,12/01/2021,0,0
RIZAL,CITY OF ANTIPOLO,Mayamot,12/01/2021,0,0
RIZAL,CITY OF ANTIPOLO,Muntingdilaw,12/01/2021,0,0
RIZAL,CITY OF ANTIPOLO,San Isidro (Pob.),12/01/2021,0,0
RIZAL,CITY OF ANTIPOLO,San Juan,12/01/2021,0,0
RIZAL,CITY OF ANTIPOLO,San Luis,12/01/2021,0,0
RIZAL,CITY OF ANTIPOLO,San Roque (Pob.),12/01/2021,0,0
RIZAL,CITY OF ANTIPOLO,Santa Cruz,12/01/2021,0,0
RIZAL,CITY OF ANTIPOLO,Calawis,12/01/2021,0,0
RIZAL,CITY OF ANTIPOLO,Beverly Hills,12/01/2021,0,0
RIZAL,TAYTAY,San Isidro,05/01/2021,37,41
RIZAL,TAYTAY,Muzon,05/01/2021,0,0
RIZAL,TAYTAY,Santa Ana,05/01/2021,0,0
RIZAL,TAYTAY,Dolores (Pob.),06/01/2021,104,123
RIZAL,TAYTAY,Muzon,06/01/2021,30,30
RIZAL,TAYTAY,San Isidro,06/01/2021,41,48
RIZAL,TAYTAY,San Juan,06/01/2021,0,0
RIZAL,TAYTAY,Santa Ana,06/01/2021,0,0
RIZAL,TAYTAY,Dolores (Pob.),07/01/2021,71,95
RIZAL,TAYTAY,Muzon,07/01/2021,29,24
RIZAL,TAYTAY,San Isidro,07/01/2021,0,0
RIZAL,TAYTAY,San Juan,07/01/2021,0,0
RIZAL,TAYTAY,Santa Ana,07/01/2021,0,0
RIZAL,TAYTAY,Dolores (Pob.),08/01/2021,79,90
RIZAL,TAYTAY,Muzon,08/01/2021,0,0
RIZAL,TAYTAY,San Juan,08/01/2021,0,0
RIZAL,TAYTAY,Santa Ana,08/01/2021,0,0
RIZAL,TAYTAY,San Isidro,08/01/2021,31,38
RIZAL,TAYTAY,Dolores (Pob.),09/01/2021,91,89
RIZAL,TAYTAY,Muzon,09/01/2021,25,23
RIZAL,TAYTAY,San Isidro,09/01/2021,41,27
RIZAL,TAYTAY,Santa Ana,09/01/2021,0,0
RIZAL,TAYTAY,Santa Ana,10/01/2021,0,0
RIZAL,TAYTAY,Dolores (Pob.),10/01/2021,73,66
RIZAL,TAYTAY,Muzon,10/01/2021,0,0
RIZAL,TAYTAY,San Isidro,10/01/2021,0,0
RIZAL,TAYTAY,San Juan,10/01/2021,0,0
RIZAL,TAYTAY,Santa Ana,11/01/2021,0,0
RIZAL,TAYTAY,Dolores (Pob.),11/01/2021,98,84
RIZAL,TAYTAY,Muzon,11/01/2021,0,0
RIZAL,TAYTAY,San Isidro,11/01/2021,0,0
RIZAL,TAYTAY,San Juan,11/01/2021,62,78
RIZAL,TAYTAY,Santa Ana,12/01/2021,0,0
RIZAL,TAYTAY,Dolores (Pob.),12/01/2021,0,0
RIZAL,TAYTAY,San Isidro,12/01/2021,0,0
RIZAL,TAYTAY,San Juan,12/01/2021,0,0
RIZAL,TAYTAY,Muzon,12/01/2021,0,0
RIZAL,CITY OF ANTIPOLO,Dalig,01/01/2021,0,0
RIZAL,CITY OF ANTIPOLO,Dela Paz (Pob.),01/01/2021,0,0
RIZAL,CITY OF ANTIPOLO,Inarawan,01/01/2021,0,0
RIZAL,CITY OF ANTIPOLO,Mambugan,01/01/2021,0,0
RIZAL,CITY OF ANTIPOLO,Mayamot,01/01/2021,0,0
RIZAL,CITY OF ANTIPOLO,Muntingdilaw,01/01/2021,0,0
RIZAL,CITY OF ANTIPOLO,San Isidro (Pob.),01/01/2021,0,0
RIZAL,CITY OF ANTIPOLO,San Jose (Pob.),01/01/2021,0,0
RIZAL,CITY OF ANTIPOLO,San Juan,01/01/2021,0,0
RIZAL,CITY OF ANTIPOLO,San Luis,01/01/2021,0,0
RIZAL,CITY OF ANTIPOLO,San Roque (Pob.),01/01/2021,0,0
RIZAL,CITY OF ANTIPOLO,Santa Cruz,01/01/2021,0,0
RIZAL,CITY OF ANTIPOLO,Bagong Nayon,01/01/2021,0,0
RIZAL,CITY OF ANTIPOLO,Beverly Hills,01/01/2021,0,0
RIZAL,CITY OF ANTIPOLO,Mambugan,02/01/2021,0,0
RIZAL,CITY OF ANTIPOLO,Mayamot,02/01/2021,0,0
RIZAL,CITY OF ANTIPOLO,Muntingdilaw,02/01/2021,0,0
RIZAL,CITY OF ANTIPOLO,San Isidro (Pob.),02/01/2021,0,0
RIZAL,CITY OF ANTIPOLO,San Jose (Pob.),02/01/2021,0,0
RIZAL,CITY OF ANTIPOLO,San Juan,02/01/2021,0,0
RIZAL,CITY OF ANTIPOLO,San Luis,02/01/2021,0,0
RIZAL,CITY OF ANTIPOLO,San Roque (Pob.),02/01/2021,0,0
RIZAL,CITY OF ANTIPOLO,Santa Cruz,02/01/2021,0,0
RIZAL,CITY OF ANTIPOLO,Bagong Nayon,02/01/2021,0,0
RIZAL,CITY OF ANTIPOLO,Beverly Hills,02/01/2021,0,0
RIZAL,CITY OF ANTIPOLO,Calawis,02/01/2021,0,0
RIZAL,CITY OF ANTIPOLO,Cupang,02/01/2021,0,0
RIZAL,CITY OF ANTIPOLO,Dalig,02/01/2021,0,0
RIZAL,CITY OF ANTIPOLO,Dela Paz (Pob.),02/01/2021,0,0
RIZAL,CITY OF ANTIPOLO,Inarawan,02/01/2021,0,0
RIZAL,CITY OF ANTIPOLO,San Jose (Pob.),03/01/2021,0,0
RIZAL,CITY OF ANTIPOLO,San Juan,03/01/2021,0,0
RIZAL,CITY OF ANTIPOLO,San Luis,03/01/2021,0,0
RIZAL,CITY OF ANTIPOLO,San Roque (Pob.),03/01/2021,0,0
RIZAL,CITY OF ANTIPOLO,Santa Cruz,03/01/2021,0,0
RIZAL,CITY OF ANTIPOLO,Bagong Nayon,03/01/2021,0,0
RIZAL,CITY OF ANTIPOLO,Beverly Hills,03/01/2021,0,0
RIZAL,CITY OF ANTIPOLO,Calawis,03/01/2021,0,0
RIZAL,CITY OF ANTIPOLO,Cupang,03/01/2021,0,0
RIZAL,CITY OF ANTIPOLO,Dalig,03/01/2021,0,0
RIZAL,CITY OF ANTIPOLO,Dela Paz (Pob.),03/01/2021,0,0
RIZAL,CITY OF ANTIPOLO,Inarawan,03/01/2021,0,0
RIZAL,CITY OF ANTIPOLO,Mambugan,03/01/2021,0,0
RIZAL,CITY OF ANTIPOLO,Mayamot,03/01/2021,0,0
RIZAL,CITY OF ANTIPOLO,Muntingdilaw,03/01/2021,0,0
RIZAL,CITY OF ANTIPOLO,San Isidro (Pob.),03/01/2021,0,0
RIZAL,CITY OF ANTIPOLO,Muntingdilaw,04/01/2021,0,0
RIZAL,CITY OF ANTIPOLO,San Jose (Pob.),04/01/2021,0,0
RIZAL,CITY OF ANTIPOLO,San Juan,04/01/2021,0,0
RIZAL,CITY OF ANTIPOLO,San Luis,04/01/2021,0,0
RIZAL,CITY OF ANTIPOLO,San Roque (Pob.),04/01/2021,0,0
RIZAL,CITY OF ANTIPOLO,Santa Cruz,04/01/2021,0,0
RIZAL,CITY OF ANTIPOLO,Bagong Nayon,04/01/2021,0,0
RIZAL,CITY OF ANTIPOLO,Beverly Hills,04/01/2021,0,0
RIZAL,CITY OF ANTIPOLO,Calawis,04/01/2021,0,0
RIZAL,CITY OF ANTIPOLO,Cupang,04/01/2021,0,0
RIZAL,CITY OF ANTIPOLO,Dalig,04/01/2021,0,0
RIZAL,CITY OF ANTIPOLO,Dela Paz (Pob.),04/01/2021,0,0
RIZAL,CITY OF ANTIPOLO,Inarawan,04/01/2021,0,0
RIZAL,CITY OF ANTIPOLO,Mambugan,04/01/2021,0,0
RIZAL,CITY OF ANTIPOLO,Mayamot,04/01/2021,0,0
RIZAL,CITY OF ANTIPOLO,San Isidro (Pob.),04/01/2021,0,0
RIZAL,CITY OF ANTIPOLO,Muntingdilaw,05/01/2021,0,0
RIZAL,CITY OF ANTIPOLO,San Jose (Pob.),05/01/2021,0,0
RIZAL,CITY OF ANTIPOLO,San Juan,05/01/2021,0,0
RIZAL,CITY OF ANTIPOLO,San Luis,05/01/2021,0,0
RIZAL,CITY OF ANTIPOLO,San Roque (Pob.),05/01/2021,0,0
RIZAL,CITY OF ANTIPOLO,Santa Cruz,05/01/2021,0,0
RIZAL,CITY OF ANTIPOLO,Bagong Nayon,05/01/2021,0,0
RIZAL,CITY OF ANTIPOLO,Beverly Hills,05/01/2021,0,0
RIZAL,CITY OF ANTIPOLO,Calawis,05/01/2021,0,0
RIZAL,CITY OF ANTIPOLO,Cupang,05/01/2021,0,0
RIZAL,CITY OF ANTIPOLO,Dalig,05/01/2021,0,0
RIZAL,CITY OF ANTIPOLO,Dela Paz (Pob.),05/01/2021,0,0
RIZAL,CITY OF ANTIPOLO,Inarawan,05/01/2021,0,0
RIZAL,CITY OF ANTIPOLO,Mambugan,05/01/2021,0,0
RIZAL,CITY OF ANTIPOLO,Mayamot,05/01/2021,0,0
RIZAL,CITY OF ANTIPOLO,San Isidro (Pob.),05/01/2021,0,0
RIZAL,CITY OF ANTIPOLO,Cupang,06/01/2021,0,0
RIZAL,CAINTA,San Roque,01/01/2021,3,1
RIZAL,CAINTA,Santa Rosa,01/01/2021,0,0
RIZAL,CAINTA,Santo Niño,01/01/2021,0,0
RIZAL,CAINTA,Santo Domingo,01/01/2021,4,8
RIZAL,CAINTA,San Isidro,01/01/2021,4,7
RIZAL,CAINTA,San Andres (Pob.),01/01/2021,0,0
RIZAL,CAINTA,Santo Domingo,02/01/2021,5,1
RIZAL,CAINTA,Santo Niño,02/01/2021,0,0
RIZAL,CAINTA,Santa Rosa,02/01/2021,0,0
RIZAL,CAINTA,Santo Niño,03/01/2021,0,0
RIZAL,CAINTA,Santa Rosa,03/01/2021,0,0
RIZAL,CITY OF ANTIPOLO,San Jose (Pob.),06/01/2021,0,0
RIZAL,CITY OF ANTIPOLO,Bagong Nayon,06/01/2021,0,0
RIZAL,CITY OF ANTIPOLO,Dalig,06/01/2021,0,0
RIZAL,CITY OF ANTIPOLO,Dela Paz (Pob.),06/01/2021,0,0
RIZAL,CITY OF ANTIPOLO,Inarawan,06/01/2021,0,0
RIZAL,CITY OF ANTIPOLO,Mambugan,06/01/2021,0,0
RIZAL,CITY OF ANTIPOLO,Mayamot,06/01/2021,0,0
RIZAL,CITY OF ANTIPOLO,Muntingdilaw,06/01/2021,0,0
RIZAL,CITY OF ANTIPOLO,San Isidro (Pob.),06/01/2021,0,0
RIZAL,CITY OF ANTIPOLO,San Juan,06/01/2021,0,0
RIZAL,CAINTA,Santo Domingo,04/01/2021,7,4
RIZAL,CAINTA,Santa Rosa,04/01/2021,0,0
RIZAL,CAINTA,San Isidro,04/01/2021,4,8
RIZAL,CITY OF ANTIPOLO,San Luis,06/01/2021,0,0
RIZAL,CITY OF ANTIPOLO,San Roque (Pob.),06/01/2021,0,0
RIZAL,CITY OF ANTIPOLO,Santa Cruz,06/01/2021,0,0
RIZAL,CITY OF ANTIPOLO,Calawis,06/01/2021,0,0
RIZAL,CITY OF ANTIPOLO,Beverly Hills,06/01/2021,0,0
RIZAL,CITY OF ANTIPOLO,Cupang,07/01/2021,0,0
RIZAL,CITY OF ANTIPOLO,San Jose (Pob.),07/01/2021,0,0
RIZAL,CITY OF ANTIPOLO,Bagong Nayon,07/01/2021,0,0
RIZAL,CITY OF ANTIPOLO,Dalig,07/01/2021,0,0
RIZAL,CITY OF ANTIPOLO,Dela Paz (Pob.),07/01/2021,0,0
RIZAL,CITY OF ANTIPOLO,Inarawan,07/01/2021,0,0
RIZAL,CITY OF ANTIPOLO,Mambugan,07/01/2021,0,0
RIZAL,CITY OF ANTIPOLO,Mayamot,07/01/2021,0,0
RIZAL,CITY OF ANTIPOLO,Muntingdilaw,07/01/2021,0,0
RIZAL,CITY OF ANTIPOLO,San Isidro (Pob.),07/01/2021,0,0
RIZAL,CITY OF ANTIPOLO,San Juan,07/01/2021,0,0
RIZAL,CITY OF ANTIPOLO,San Luis,07/01/2021,0,0
RIZAL,CITY OF ANTIPOLO,San Roque (Pob.),07/01/2021,0,0
RIZAL,CITY OF ANTIPOLO,Santa Cruz,07/01/2021,0,0
RIZAL,CITY OF ANTIPOLO,Calawis,07/01/2021,0,0
RIZAL,CITY OF ANTIPOLO,Beverly Hills,07/01/2021,0,0
RIZAL,CITY OF ANTIPOLO,Cupang,08/01/2021,0,0
RIZAL,CITY OF ANTIPOLO,San Jose (Pob.),08/01/2021,0,0
RIZAL,CITY OF ANTIPOLO,Bagong Nayon,08/01/2021,0,0
RIZAL,CITY OF ANTIPOLO,Dalig,08/01/2021,0,0
RIZAL,CITY OF ANTIPOLO,Dela Paz (Pob.),08/01/2021,0,0
RIZAL,CITY OF ANTIPOLO,Inarawan,08/01/2021,0,0
RIZAL,CITY OF ANTIPOLO,Mambugan,08/01/2021,0,0
RIZAL,CITY OF ANTIPOLO,Mayamot,08/01/2021,0,0
RIZAL,CITY OF ANTIPOLO,Muntingdilaw,08/01/2021,0,0
RIZAL,CAINTA,Santo Domingo,05/01/2021,8,9
RIZAL,CAINTA,Santa Rosa,05/01/2021,0,0
RIZAL,CAINTA,Santo Niño,05/01/2021,0,0
RIZAL,CAINTA,San Isidro,05/01/2021,8,8
RIZAL,CAINTA,Santo Domingo,06/01/2021,50,47
RIZAL,CAINTA,Santa Rosa,06/01/2021,0,0
RIZAL,CAINTA,Santo Niño,06/01/2021,0,0
RIZAL,CAINTA,San Isidro,06/01/2021,11,15
RIZAL,CAINTA,Santo Domingo,07/01/2021,1,3
RIZAL,CAINTA,Santo Domingo,08/01/2021,1,1
RIZAL,CAINTA,Santa Rosa,09/01/2021,1,2
RIZAL,CAINTA,Santo Domingo,09/01/2021,1,2
RIZAL,CAINTA,Santo Domingo,10/01/2021,0,1
RIZAL,CAINTA,Santo Domingo,11/01/2021,4,1
RIZAL,CAINTA,Santo Niño,11/01/2021,0,0
RIZAL,CITY OF ANTIPOLO,San Isidro (Pob.),08/01/2021,0,0
RIZAL,CITY OF ANTIPOLO,San Juan,08/01/2021,0,0
RIZAL,CITY OF ANTIPOLO,San Luis,08/01/2021,0,0
RIZAL,CITY OF ANTIPOLO,San Roque (Pob.),08/01/2021,0,0
RIZAL,CITY OF ANTIPOLO,Santa Cruz,08/01/2021,0,0
RIZAL,CITY OF ANTIPOLO,Calawis,08/01/2021,0,0
RIZAL,CITY OF ANTIPOLO,Beverly Hills,08/01/2021,0,0
RIZAL,CITY OF ANTIPOLO,Cupang,09/01/2021,0,0
RIZAL,CITY OF ANTIPOLO,San Jose (Pob.),09/01/2021,0,0
RIZAL,CITY OF ANTIPOLO,Bagong Nayon,09/01/2021,0,0
RIZAL,ANGONO,Santo Niño,01/01/2021,0,0
RIZAL,ANGONO,San Pedro,01/01/2021,0,0
RIZAL,TAYTAY,Dolores (Pob.),01/01/2021,68,60
RIZAL,TAYTAY,San Juan,01/01/2021,46,42
RIZAL,TAYTAY,Muzon,01/01/2021,24,22
RIZAL,TAYTAY,San Isidro,01/01/2021,24,30
RIZAL,TAYTAY,Santa Ana,01/01/2021,0,0
RIZAL,ANGONO,Santo Niño,02/01/2021,0,0
RIZAL,TAYTAY,Dolores (Pob.),02/01/2021,60,77
RIZAL,TAYTAY,San Isidro,02/01/2021,36,16
RIZAL,ANGONO,San Pedro,02/01/2021,0,0
RIZAL,TAYTAY,Muzon,02/01/2021,0,0
RIZAL,TAYTAY,Santa Ana,02/01/2021,0,0
RIZAL,TAYTAY,San Juan,02/01/2021,82,72
RIZAL,ANGONO,Santo Niño,03/01/2021,0,0
RIZAL,TAYTAY,Muzon,03/01/2021,0,0
RIZAL,ANGONO,San Pedro,03/01/2021,0,0
RIZAL,TAYTAY,San Isidro,03/01/2021,55,48
RIZAL,TAYTAY,San Juan,03/01/2021,81,90
RIZAL,TAYTAY,Santa Ana,03/01/2021,0,0
RIZAL,TAYTAY,Dolores (Pob.),03/01/2021,109,60
RIZAL,TAYTAY,San Isidro,04/01/2021,38,47
RIZAL,TAYTAY,Muzon,04/01/2021,28,13
RIZAL,ANGONO,San Pedro,04/01/2021,0,0
RIZAL,TAYTAY,Dolores (Pob.),04/01/2021,64,79
RIZAL,TAYTAY,San Juan,04/01/2021,0,0
RIZAL,TAYTAY,Santa Ana,04/01/2021,0,0
RIZAL,ANGONO,Mahabang Parang,01/01/2021,0,0
RIZAL,ANGONO,San Roque,01/01/2021,0,0
RIZAL,ANGONO,Kalayaan,01/01/2021,0,0
RIZAL,ANGONO,Poblacion Itaas,01/01/2021,0,0
RIZAL,ANGONO,Bagumbayan,01/01/2021,0,0
RIZAL,ANGONO,San Isidro,01/01/2021,0,0
RIZAL,ANGONO,San Vicente,01/01/2021,0,0
RIZAL,ANGONO,Poblacion Ibaba,01/01/2021,0,0
RIZAL,ANGONO,San Roque,03/01/2021,0,0
RIZAL,ANGONO,Kalayaan,03/01/2021,0,0
RIZAL,ANGONO,Poblacion Itaas,03/01/2021,0,0
RIZAL,ANGONO,Bagumbayan,03/01/2021,0,0
RIZAL,ANGONO,San Isidro,03/01/2021,0,0
RIZAL,ANGONO,San Vicente,03/01/2021,0,0
RIZAL,ANGONO,Poblacion Ibaba,03/01/2021,0,0
RIZAL,ANGONO,Bagumbayan,04/01/2021,0,0
RIZAL,ANGONO,San Isidro,04/01/2021,0,0
RIZAL,ANGONO,San Vicente,04/01/2021,0,0
RIZAL,ANGONO,Mahabang Parang,02/01/2021,0,0
RIZAL,ANGONO,San Roque,02/01/2021,0,0
RIZAL,ANGONO,Kalayaan,02/01/2021,0,0
RIZAL,ANGONO,Poblacion Itaas,02/01/2021,0,0
RIZAL,ANGONO,Bagumbayan,02/01/2021,0,0
RIZAL,ANGONO,San Isidro,02/01/2021,0,0
RIZAL,ANGONO,San Vicente,02/01/2021,0,0
RIZAL,ANGONO,Poblacion Ibaba,02/01/2021,0,0
RIZAL,ANGONO,Mahabang Parang,03/01/2021,0,0
RIZAL,ANGONO,Poblacion Ibaba,04/01/2021,0,0
RIZAL,ANGONO,Mahabang Parang,04/01/2021,0,0
RIZAL,ANGONO,San Roque,04/01/2021,0,0
RIZAL,ANGONO,Kalayaan,04/01/2021,0,0
RIZAL,ANGONO,Santo Niño,04/01/2021,0,0
RIZAL,ANGONO,Poblacion Itaas,04/01/2021,0,0
RIZAL,ANGONO,Poblacion Ibaba,05/01/2021,0,0
RIZAL,ANGONO,Mahabang Parang,05/01/2021,0,0
RIZAL,ANGONO,Kalayaan,05/01/2021,0,0
RIZAL,ANGONO,San Roque,05/01/2021,0,0
RIZAL,ANGONO,Santo Niño,05/01/2021,0,0
RIZAL,ANGONO,Poblacion Itaas,05/01/2021,0,0
RIZAL,ANGONO,Bagumbayan,05/01/2021,0,0
RIZAL,ANGONO,San Isidro,05/01/2021,0,0
RIZAL,ANGONO,San Pedro,05/01/2021,0,0
RIZAL,ANGONO,San Vicente,05/01/2021,0,0
RIZAL,ANGONO,Poblacion Ibaba,06/01/2021,0,0
RIZAL,ANGONO,Mahabang Parang,06/01/2021,0,0
RIZAL,ANGONO,Kalayaan,06/01/2021,0,0
RIZAL,ANGONO,San Roque,06/01/2021,0,0
RIZAL,ANGONO,Santo Niño,06/01/2021,0,0
RIZAL,ANGONO,Poblacion Itaas,06/01/2021,0,0
RIZAL,ANGONO,Bagumbayan,06/01/2021,0,0
RIZAL,ANGONO,San Isidro,06/01/2021,0,0
RIZAL,ANGONO,San Pedro,06/01/2021,0,0
RIZAL,ANGONO,San Vicente,06/01/2021,0,0
RIZAL,ANGONO,Poblacion Ibaba,08/01/2021,0,0
RIZAL,ANGONO,Mahabang Parang,08/01/2021,0,0
RIZAL,ANGONO,Kalayaan,08/01/2021,0,0
RIZAL,ANGONO,San Roque,08/01/2021,0,0
RIZAL,ANGONO,Santo Niño,08/01/2021,0,0
RIZAL,ANGONO,Poblacion Itaas,08/01/2021,0,0
RIZAL,ANGONO,Bagumbayan,08/01/2021,0,0
RIZAL,ANGONO,San Isidro,08/01/2021,0,0
RIZAL,ANGONO,San Pedro,08/01/2021,0,0
RIZAL,ANGONO,San Vicente,08/01/2021,0,0
RIZAL,ANGONO,Poblacion Ibaba,07/01/2021,0,0
RIZAL,ANGONO,Mahabang Parang,07/01/2021,0,0
RIZAL,ANGONO,Kalayaan,07/01/2021,0,0
RIZAL,ANGONO,San Roque,07/01/2021,0,0
RIZAL,ANGONO,Santo Niño,07/01/2021,0,0
RIZAL,ANGONO,Poblacion Itaas,07/01/2021,0,0
RIZAL,ANGONO,Bagumbayan,07/01/2021,0,0
RIZAL,ANGONO,San Isidro,07/01/2021,0,0
RIZAL,ANGONO,San Pedro,07/01/2021,0,0
RIZAL,ANGONO,San Vicente,07/01/2021,0,0
RIZAL,ANGONO,Bagumbayan,09/01/2021,0,0
RIZAL,ANGONO,San Isidro,09/01/2021,0,0
RIZAL,ANGONO,San Vicente,09/01/2021,0,0
RIZAL,ANGONO,Poblacion Ibaba,09/01/2021,0,0
RIZAL,ANGONO,San Pedro,09/01/2021,0,0
RIZAL,ANGONO,Mahabang Parang,09/01/2021,0,0
RIZAL,ANGONO,Kalayaan,09/01/2021,0,0
RIZAL,ANGONO,San Roque,09/01/2021,0,0
RIZAL,ANGONO,Santo Niño,09/01/2021,0,0
RIZAL,ANGONO,Poblacion Itaas,09/01/2021,0,0
RIZAL,ANGONO,Kalayaan,10/01/2021,0,0
RIZAL,ANGONO,San Vicente,10/01/2021,0,0
RIZAL,ANGONO,Poblacion Ibaba,10/01/2021,0,0
RIZAL,ANGONO,San Roque,10/01/2021,0,0
RIZAL,ANGONO,San Pedro,10/01/2021,0,0
RIZAL,ANGONO,Bagumbayan,10/01/2021,0,0
RIZAL,ANGONO,San Isidro,10/01/2021,0,0
RIZAL,ANGONO,Poblacion Itaas,10/01/2021,0,0
RIZAL,ANGONO,Santo Niño,10/01/2021,0,0
RIZAL,ANGONO,Mahabang Parang,10/01/2021,0,0
RIZAL,ANGONO,Kalayaan,11/01/2021,0,0
RIZAL,ANGONO,San Vicente,11/01/2021,0,0
RIZAL,ANGONO,Poblacion Ibaba,11/01/2021,0,0
RIZAL,ANGONO,San Roque,11/01/2021,0,0
RIZAL,ANGONO,San Pedro,11/01/2021,0,0
RIZAL,ANGONO,Bagumbayan,11/01/2021,0,0
RIZAL,ANGONO,San Isidro,11/01/2021,0,0
RIZAL,ANGONO,Poblacion Itaas,11/01/2021,0,0
RIZAL,ANGONO,Santo Niño,11/01/2021,0,0
RIZAL,ANGONO,Mahabang Parang,11/01/2021,0,0
RIZAL,ANGONO,Kalayaan,12/01/2021,0,0
RIZAL,ANGONO,San Vicente,12/01/2021,0,0
RIZAL,ANGONO,Poblacion Ibaba,12/01/2021,0,0
RIZAL,ANGONO,San Roque,12/01/2021,0,0
RIZAL,ANGONO,San Pedro,12/01/2021,0,0
RIZAL,ANGONO,Bagumbayan,12/01/2021,0,0
RIZAL,ANGONO,San Isidro,12/01/2021,0,0
RIZAL,ANGONO,Poblacion Itaas,12/01/2021,0,0
RIZAL,ANGONO,Santo Niño,12/01/2021,0,0
RIZAL,ANGONO,Mahabang Parang,12/01/2021,0,0
RIZAL,CITY OF ANTIPOLO,Calawis,01/01/2021,0,0
RIZAL,CITY OF ANTIPOLO,Cupang,01/01/2021,0,0
RIZAL,CITY OF ANTIPOLO,Bagong Nayon,01/01/2020,0,0
RIZAL,ANGONO,Bagumbayan,01/01/2020,2,2
RIZAL,CITY OF ANTIPOLO,Dela Paz (Pob.),01/01/2020,0,0
RIZAL,TAYTAY,Dolores (Pob.),01/01/2020,0,0
RIZAL,CITY OF ANTIPOLO,Beverly Hills,01/01/2020,0,0
RIZAL,CITY OF ANTIPOLO,Calawis,01/01/2020,0,0
RIZAL,CITY OF ANTIPOLO,Cupang,01/01/2020,0,0
RIZAL,CITY OF ANTIPOLO,Dalig,01/01/2020,0,0
RIZAL,CITY OF ANTIPOLO,Inarawan,01/01/2020,0,0
RIZAL,ANGONO,Kalayaan,01/01/2020,10,12
RIZAL,ANGONO,Mahabang Parang,01/01/2020,17,24
RIZAL,CITY OF ANTIPOLO,Mambugan,01/01/2020,0,0
RIZAL,CITY OF ANTIPOLO,Mayamot,01/01/2020,0,0
RIZAL,CITY OF ANTIPOLO,Muntingdilaw,01/01/2020,0,0
RIZAL,TAYTAY,Muzon,01/01/2020,0,0
RIZAL,ANGONO,Poblacion Ibaba,01/01/2020,6,5
RIZAL,ANGONO,Poblacion Itaas,01/01/2020,0,0
RIZAL,ANGONO,San Isidro,01/01/2020,33,50
RIZAL,TAYTAY,San Isidro,01/01/2020,0,0
RIZAL,CITY OF ANTIPOLO,San Jose (Pob.),01/01/2020,0,0
RIZAL,CITY OF ANTIPOLO,San Juan,01/01/2020,0,0
RIZAL,TAYTAY,San Juan,01/01/2020,0,0
RIZAL,CITY OF ANTIPOLO,San Luis,01/01/2020,0,0
RIZAL,ANGONO,San Pedro,01/01/2020,3,2
RIZAL,ANGONO,San Roque,01/01/2020,14,21
RIZAL,CITY OF ANTIPOLO,San Roque (Pob.),01/01/2020,0,0
RIZAL,ANGONO,San Vicente,01/01/2020,12,14
RIZAL,TAYTAY,Santa Ana,01/01/2020,0,0
RIZAL,CITY OF ANTIPOLO,Santa Cruz,01/01/2020,0,0
RIZAL,ANGONO,Santo Niño,01/01/2020,5,4
RIZAL,CITY OF ANTIPOLO,Bagong Nayon,02/01/2020,0,0
RIZAL,ANGONO,Bagumbayan,02/01/2020,3,4
RIZAL,CITY OF ANTIPOLO,Dela Paz (Pob.),02/01/2020,0,0
RIZAL,TAYTAY,Dolores (Pob.),02/01/2020,0,0
RIZAL,CITY OF ANTIPOLO,Beverly Hills,02/01/2020,0,0
RIZAL,CITY OF ANTIPOLO,Calawis,02/01/2020,0,0
RIZAL,CITY OF ANTIPOLO,Dalig,02/01/2020,0,0
RIZAL,CITY OF ANTIPOLO,Cupang,02/01/2020,0,0
RIZAL,CITY OF ANTIPOLO,Inarawan,02/01/2020,0,0
RIZAL,ANGONO,Kalayaan,02/01/2020,8,8
RIZAL,ANGONO,Mahabang Parang,02/01/2020,35,14
RIZAL,CITY OF ANTIPOLO,Mambugan,02/01/2020,0,0
RIZAL,CITY OF ANTIPOLO,Mayamot,02/01/2020,0,0
RIZAL,CITY OF ANTIPOLO,Muntingdilaw,02/01/2020,0,0
RIZAL,ANGONO,Poblacion Ibaba,02/01/2020,2,6
RIZAL,TAYTAY,Muzon,02/01/2020,0,0
RIZAL,ANGONO,Poblacion Itaas,02/01/2020,0,1
RIZAL,ANGONO,San Isidro,02/01/2020,44,35
RIZAL,TAYTAY,San Isidro,02/01/2020,0,0
RIZAL,CITY OF ANTIPOLO,San Jose (Pob.),02/01/2020,0,0
RIZAL,CITY OF ANTIPOLO,San Juan,02/01/2020,0,0
RIZAL,TAYTAY,San Juan,02/01/2020,0,0
RIZAL,CITY OF ANTIPOLO,San Luis,02/01/2020,0,0
RIZAL,ANGONO,San Pedro,02/01/2020,1,5
RIZAL,CITY OF ANTIPOLO,San Roque (Pob.),02/01/2020,0,0
RIZAL,ANGONO,San Vicente,02/01/2020,13,10
RIZAL,TAYTAY,Santa Ana,02/01/2020,0,0
RIZAL,ANGONO,San Roque,02/01/2020,17,11
RIZAL,CITY OF ANTIPOLO,Santa Cruz,02/01/2020,0,0
RIZAL,ANGONO,Santo Niño,02/01/2020,3,5
RIZAL,CITY OF ANTIPOLO,Bagong Nayon,03/01/2020,0,0
RIZAL,ANGONO,Bagumbayan,03/01/2020,4,4
RIZAL,CITY OF ANTIPOLO,Dela Paz (Pob.),03/01/2020,0,0
RIZAL,TAYTAY,Dolores (Pob.),03/01/2020,0,0
RIZAL,CITY OF ANTIPOLO,Beverly Hills,03/01/2020,0,0
RIZAL,CITY OF ANTIPOLO,Calawis,03/01/2020,0,0
RIZAL,CITY OF ANTIPOLO,Dalig,03/01/2020,0,0
RIZAL,CITY OF ANTIPOLO,Cupang,03/01/2020,0,0
RIZAL,CITY OF ANTIPOLO,Inarawan,03/01/2020,0,0
RIZAL,ANGONO,Kalayaan,03/01/2020,12,21
RIZAL,ANGONO,Mahabang Parang,03/01/2020,38,26
RIZAL,CITY OF ANTIPOLO,Mambugan,03/01/2020,0,0
RIZAL,CITY OF ANTIPOLO,Mayamot,03/01/2020,0,0
RIZAL,CITY OF ANTIPOLO,Muntingdilaw,03/01/2020,0,0
RIZAL,TAYTAY,Muzon,03/01/2020,0,0
RIZAL,ANGONO,Poblacion Ibaba,03/01/2020,4,4
RIZAL,ANGONO,Poblacion Itaas,03/01/2020,1,0
RIZAL,ANGONO,San Isidro,03/01/2020,39,43
RIZAL,TAYTAY,San Isidro,03/01/2020,38,22
RIZAL,CITY OF ANTIPOLO,San Jose (Pob.),03/01/2020,0,0
RIZAL,CITY OF ANTIPOLO,San Juan,03/01/2020,0,0
RIZAL,TAYTAY,San Juan,03/01/2020,0,0
RIZAL,CITY OF ANTIPOLO,San Luis,03/01/2020,0,0
RIZAL,ANGONO,San Pedro,03/01/2020,1,1
RIZAL,CITY OF ANTIPOLO,San Roque (Pob.),03/01/2020,0,0
RIZAL,ANGONO,San Vicente,03/01/2020,14,9
RIZAL,TAYTAY,Santa Ana,03/01/2020,0,0
RIZAL,ANGONO,San Roque,03/01/2020,14,13
RIZAL,CITY OF ANTIPOLO,Santa Cruz,03/01/2020,0,0
RIZAL,ANGONO,Santo Niño,03/01/2020,6,5
RIZAL,CITY OF ANTIPOLO,Bagong Nayon,04/01/2020,0,0
RIZAL,ANGONO,Bagumbayan,04/01/2020,2,0
RIZAL,CITY OF ANTIPOLO,Dela Paz (Pob.),04/01/2020,0,0
RIZAL,TAYTAY,Dolores (Pob.),04/01/2020,0,0
RIZAL,CITY OF ANTIPOLO,Beverly Hills,04/01/2020,0,0
RIZAL,CITY OF ANTIPOLO,Calawis,04/01/2020,0,0
RIZAL,CITY OF ANTIPOLO,Dalig,04/01/2020,0,0
RIZAL,CITY OF ANTIPOLO,Cupang,04/01/2020,0,0
RIZAL,CITY OF ANTIPOLO,Inarawan,04/01/2020,0,0
RIZAL,ANGONO,Kalayaan,04/01/2020,14,15
RIZAL,ANGONO,Mahabang Parang,04/01/2020,26,27
RIZAL,CITY OF ANTIPOLO,Mambugan,04/01/2020,0,0
RIZAL,CITY OF ANTIPOLO,Mayamot,04/01/2020,0,0
RIZAL,CITY OF ANTIPOLO,Muntingdilaw,04/01/2020,0,0
RIZAL,TAYTAY,Muzon,04/01/2020,0,0
RIZAL,ANGONO,Poblacion Ibaba,04/01/2020,5,5
RIZAL,ANGONO,Poblacion Itaas,04/01/2020,0,1
RIZAL,ANGONO,San Isidro,04/01/2020,32,38
RIZAL,TAYTAY,San Isidro,04/01/2020,0,0
RIZAL,CITY OF ANTIPOLO,San Jose (Pob.),04/01/2020,0,0
RIZAL,CITY OF ANTIPOLO,San Juan,04/01/2020,0,0
RIZAL,TAYTAY,San Juan,04/01/2020,0,0
RIZAL,CITY OF ANTIPOLO,San Luis,04/01/2020,0,0
RIZAL,ANGONO,San Pedro,04/01/2020,2,4
RIZAL,CITY OF ANTIPOLO,San Roque (Pob.),04/01/2020,0,0
RIZAL,ANGONO,San Vicente,04/01/2020,11,15
RIZAL,TAYTAY,Santa Ana,04/01/2020,0,0
RIZAL,ANGONO,San Roque,04/01/2020,12,14
RIZAL,CITY OF ANTIPOLO,Santa Cruz,04/01/2020,0,0
RIZAL,ANGONO,Santo Niño,04/01/2020,2,7
RIZAL,CITY OF ANTIPOLO,Bagong Nayon,05/01/2020,0,0
RIZAL,ANGONO,Bagumbayan,05/01/2020,6,1
RIZAL,CITY OF ANTIPOLO,Dela Paz (Pob.),05/01/2020,0,0
RIZAL,TAYTAY,Dolores (Pob.),05/01/2020,38,28
RIZAL,CITY OF ANTIPOLO,Beverly Hills,05/01/2020,0,0
RIZAL,CITY OF ANTIPOLO,Calawis,05/01/2020,0,0
RIZAL,CITY OF ANTIPOLO,Dalig,05/01/2020,0,0
RIZAL,CITY OF ANTIPOLO,Cupang,05/01/2020,0,0
RIZAL,CITY OF ANTIPOLO,Inarawan,05/01/2020,0,0
RIZAL,ANGONO,Kalayaan,05/01/2020,13,14
RIZAL,ANGONO,Mahabang Parang,05/01/2020,31,32
RIZAL,CITY OF ANTIPOLO,Mambugan,05/01/2020,0,0
RIZAL,CITY OF ANTIPOLO,Mayamot,05/01/2020,0,0
RIZAL,CITY OF ANTIPOLO,Muntingdilaw,05/01/2020,0,0
RIZAL,TAYTAY,Muzon,05/01/2020,9,11
RIZAL,ANGONO,Poblacion Ibaba,05/01/2020,3,3
RIZAL,ANGONO,Poblacion Itaas,05/01/2020,1,0
RIZAL,ANGONO,San Isidro,05/01/2020,31,45
RIZAL,TAYTAY,San Isidro,05/01/2020,0,0
RIZAL,CITY OF ANTIPOLO,San Jose (Pob.),05/01/2020,0,0
RIZAL,CITY OF ANTIPOLO,San Juan,05/01/2020,0,0
RIZAL,TAYTAY,San Juan,05/01/2020,0,0
RIZAL,CITY OF ANTIPOLO,San Luis,05/01/2020,0,0
RIZAL,ANGONO,San Pedro,05/01/2020,3,2
RIZAL,CITY OF ANTIPOLO,San Roque (Pob.),05/01/2020,0,0
RIZAL,ANGONO,San Vicente,05/01/2020,17,15
RIZAL,TAYTAY,Santa Ana,05/01/2020,0,0
RIZAL,ANGONO,San Roque,05/01/2020,17,18
RIZAL,CITY OF ANTIPOLO,Santa Cruz,05/01/2020,0,0
RIZAL,ANGONO,Santo Niño,05/01/2020,3,5
RIZAL,CITY OF ANTIPOLO,Bagong Nayon,06/01/2020,0,0
RIZAL,ANGONO,Bagumbayan,06/01/2020,4,7
RIZAL,CITY OF ANTIPOLO,Dela Paz (Pob.),06/01/2020,0,0
RIZAL,TAYTAY,Dolores (Pob.),06/01/2020,37,29
RIZAL,CITY OF ANTIPOLO,Beverly Hills,06/01/2020,0,0
RIZAL,CITY OF ANTIPOLO,Calawis,06/01/2020,0,0
RIZAL,CITY OF ANTIPOLO,Dalig,06/01/2020,0,0
RIZAL,CITY OF ANTIPOLO,Cupang,06/01/2020,0,0
RIZAL,CITY OF ANTIPOLO,Inarawan,06/01/2020,0,0
RIZAL,ANGONO,Kalayaan,06/01/2020,21,11
RIZAL,ANGONO,Mahabang Parang,06/01/2020,34,45
RIZAL,CITY OF ANTIPOLO,Mambugan,06/01/2020,0,0
RIZAL,CITY OF ANTIPOLO,Mayamot,06/01/2020,0,0
RIZAL,CITY OF ANTIPOLO,Muntingdilaw,06/01/2020,0,0
RIZAL,TAYTAY,Muzon,06/01/2020,0,0
RIZAL,ANGONO,Poblacion Ibaba,06/01/2020,2,5
RIZAL,ANGONO,Poblacion Itaas,06/01/2020,1,2
RIZAL,ANGONO,San Isidro,06/01/2020,57,56
RIZAL,TAYTAY,San Isidro,06/01/2020,0,0
RIZAL,CITY OF ANTIPOLO,San Jose (Pob.),06/01/2020,0,0
RIZAL,CITY OF ANTIPOLO,San Juan,06/01/2020,0,0
RIZAL,TAYTAY,San Juan,06/01/2020,0,0
RIZAL,CITY OF ANTIPOLO,San Luis,06/01/2020,0,0
RIZAL,ANGONO,San Pedro,06/01/2020,3,7
RIZAL,CITY OF ANTIPOLO,San Roque (Pob.),06/01/2020,0,0
RIZAL,ANGONO,San Vicente,06/01/2020,14,12
RIZAL,TAYTAY,Santa Ana,06/01/2020,0,0
RIZAL,ANGONO,San Roque,06/01/2020,24,15
RIZAL,CITY OF ANTIPOLO,Santa Cruz,06/01/2020,0,0
RIZAL,ANGONO,Santo Niño,06/01/2020,4,9
RIZAL,CITY OF ANTIPOLO,Bagong Nayon,07/01/2020,0,0
RIZAL,ANGONO,Bagumbayan,07/01/2020,5,4
RIZAL,CITY OF ANTIPOLO,Dela Paz (Pob.),07/01/2020,0,0
RIZAL,TAYTAY,Dolores (Pob.),07/01/2020,0,0
RIZAL,CITY OF ANTIPOLO,Beverly Hills,07/01/2020,0,0
RIZAL,CITY OF ANTIPOLO,Calawis,07/01/2020,0,0
RIZAL,CITY OF ANTIPOLO,Dalig,07/01/2020,0,0
RIZAL,CITY OF ANTIPOLO,Cupang,07/01/2020,0,0
RIZAL,CITY OF ANTIPOLO,Inarawan,07/01/2020,0,0
RIZAL,ANGONO,Kalayaan,07/01/2020,18,11
RIZAL,ANGONO,Mahabang Parang,07/01/2020,44,43
RIZAL,CITY OF ANTIPOLO,Mambugan,07/01/2020,0,0
RIZAL,CITY OF ANTIPOLO,Mayamot,07/01/2020,0,0
RIZAL,CITY OF ANTIPOLO,Muntingdilaw,07/01/2020,0,0
RIZAL,TAYTAY,Muzon,07/01/2020,0,0
RIZAL,ANGONO,Poblacion Ibaba,07/01/2020,3,2
RIZAL,ANGONO,Poblacion Itaas,07/01/2020,0,1
RIZAL,ANGONO,San Isidro,07/01/2020,50,47
RIZAL,TAYTAY,San Isidro,07/01/2020,28,24
RIZAL,CITY OF ANTIPOLO,San Jose (Pob.),07/01/2020,0,0
RIZAL,CITY OF ANTIPOLO,San Juan,07/01/2020,0,0
RIZAL,TAYTAY,San Juan,07/01/2020,0,0
RIZAL,CITY OF ANTIPOLO,San Luis,07/01/2020,0,0
RIZAL,ANGONO,San Pedro,07/01/2020,1,5
RIZAL,CITY OF ANTIPOLO,San Roque (Pob.),07/01/2020,0,0
RIZAL,ANGONO,San Vicente,07/01/2020,14,15
RIZAL,TAYTAY,Santa Ana,07/01/2020,0,0
RIZAL,ANGONO,San Roque,07/01/2020,22,17
RIZAL,CITY OF ANTIPOLO,Santa Cruz,07/01/2020,0,0
RIZAL,ANGONO,Santo Niño,07/01/2020,5,2
RIZAL,CITY OF ANTIPOLO,Bagong Nayon,08/01/2020,0,0
RIZAL,ANGONO,Bagumbayan,08/01/2020,2,1
RIZAL,CITY OF ANTIPOLO,Dela Paz (Pob.),08/01/2020,0,0
RIZAL,TAYTAY,Dolores (Pob.),08/01/2020,46,52
RIZAL,CITY OF ANTIPOLO,Beverly Hills,08/01/2020,0,0
RIZAL,CITY OF ANTIPOLO,Calawis,08/01/2020,0,0
RIZAL,CITY OF ANTIPOLO,Dalig,08/01/2020,0,0
RIZAL,CITY OF ANTIPOLO,Cupang,08/01/2020,0,0
RIZAL,CITY OF ANTIPOLO,Inarawan,08/01/2020,0,0
RIZAL,ANGONO,Kalayaan,08/01/2020,15,12
RIZAL,ANGONO,Mahabang Parang,08/01/2020,34,25
RIZAL,CITY OF ANTIPOLO,Mambugan,08/01/2020,0,0
RIZAL,CITY OF ANTIPOLO,Mayamot,08/01/2020,0,0
RIZAL,CITY OF ANTIPOLO,Muntingdilaw,08/01/2020,0,0
RIZAL,TAYTAY,Muzon,08/01/2020,0,0
RIZAL,ANGONO,Poblacion Ibaba,08/01/2020,1,3
RIZAL,ANGONO,Poblacion Itaas,08/01/2020,0,0
RIZAL,ANGONO,San Isidro,08/01/2020,38,43
RIZAL,TAYTAY,San Isidro,08/01/2020,0,0
RIZAL,CITY OF ANTIPOLO,San Jose (Pob.),08/01/2020,0,0
RIZAL,CITY OF ANTIPOLO,San Juan,08/01/2020,0,0
RIZAL,TAYTAY,San Juan,08/01/2020,0,0
RIZAL,CITY OF ANTIPOLO,San Luis,08/01/2020,0,0
RIZAL,ANGONO,San Pedro,08/01/2020,2,5
RIZAL,ANGONO,San Roque,08/01/2020,18,12
RIZAL,CITY OF ANTIPOLO,San Roque (Pob.),08/01/2020,0,0
RIZAL,ANGONO,San Vicente,08/01/2020,12,8
RIZAL,TAYTAY,Santa Ana,08/01/2020,0,0
RIZAL,CITY OF ANTIPOLO,Santa Cruz,08/01/2020,0,0
RIZAL,ANGONO,Santo Niño,08/01/2020,6,5
RIZAL,CITY OF ANTIPOLO,Bagong Nayon,09/01/2020,0,0
RIZAL,ANGONO,Bagumbayan,09/01/2020,2,1
RIZAL,CITY OF ANTIPOLO,Dela Paz (Pob.),09/01/2020,0,0
RIZAL,TAYTAY,Dolores (Pob.),09/01/2020,67,57
RIZAL,CITY OF ANTIPOLO,Beverly Hills,09/01/2020,0,0
RIZAL,CITY OF ANTIPOLO,Calawis,09/01/2020,0,0
RIZAL,CITY OF ANTIPOLO,Dalig,09/01/2020,0,0
RIZAL,CITY OF ANTIPOLO,Cupang,09/01/2020,0,0
RIZAL,CITY OF ANTIPOLO,Inarawan,09/01/2020,0,0
RIZAL,ANGONO,Kalayaan,09/01/2020,14,18
RIZAL,ANGONO,Mahabang Parang,09/01/2020,51,44
RIZAL,CITY OF ANTIPOLO,Mambugan,09/01/2020,0,0
RIZAL,CITY OF ANTIPOLO,Mayamot,09/01/2020,0,0
RIZAL,CITY OF ANTIPOLO,Muntingdilaw,09/01/2020,0,0
RIZAL,TAYTAY,Muzon,09/01/2020,16,16
RIZAL,ANGONO,Poblacion Ibaba,09/01/2020,4,5
RIZAL,ANGONO,Poblacion Itaas,09/01/2020,0,0
RIZAL,ANGONO,San Isidro,09/01/2020,58,41
RIZAL,TAYTAY,San Isidro,09/01/2020,0,0
RIZAL,CITY OF ANTIPOLO,San Jose (Pob.),09/01/2020,0,0
RIZAL,CITY OF ANTIPOLO,San Juan,09/01/2020,0,0
RIZAL,TAYTAY,San Juan,09/01/2020,0,0
RIZAL,CITY OF ANTIPOLO,San Luis,09/01/2020,0,0
RIZAL,ANGONO,San Pedro,09/01/2020,1,2
RIZAL,ANGONO,San Roque,09/01/2020,19,28
RIZAL,CITY OF ANTIPOLO,San Roque (Pob.),09/01/2020,0,0
RIZAL,ANGONO,San Vicente,09/01/2020,14,16
RIZAL,TAYTAY,Santa Ana,09/01/2020,0,0
RIZAL,CITY OF ANTIPOLO,Santa Cruz,09/01/2020,0,0
RIZAL,ANGONO,Santo Niño,09/01/2020,6,10
RIZAL,CITY OF ANTIPOLO,Bagong Nayon,10/01/2020,0,0
RIZAL,ANGONO,Bagumbayan,10/01/2020,4,8
RIZAL,CITY OF ANTIPOLO,Dela Paz (Pob.),10/01/2020,0,0
RIZAL,TAYTAY,Dolores (Pob.),10/01/2020,0,0
RIZAL,CITY OF ANTIPOLO,Beverly Hills,10/01/2020,0,0
RIZAL,CITY OF ANTIPOLO,Calawis,10/01/2020,0,0
RIZAL,CITY OF ANTIPOLO,Dalig,10/01/2020,0,0
RIZAL,CITY OF ANTIPOLO,Cupang,10/01/2020,0,0
RIZAL,CITY OF ANTIPOLO,Inarawan,10/01/2020,0,0
RIZAL,ANGONO,Kalayaan,10/01/2020,11,21
RIZAL,ANGONO,Mahabang Parang,10/01/2020,38,42
RIZAL,CITY OF ANTIPOLO,Mambugan,10/01/2020,0,0
RIZAL,CITY OF ANTIPOLO,Mayamot,10/01/2020,0,0
RIZAL,CITY OF ANTIPOLO,Muntingdilaw,10/01/2020,0,0
RIZAL,TAYTAY,Muzon,10/01/2020,0,0
RIZAL,ANGONO,Poblacion Ibaba,10/01/2020,3,3
RIZAL,ANGONO,Poblacion Itaas,10/01/2020,0,0
RIZAL,ANGONO,San Isidro,10/01/2020,57,57
RIZAL,TAYTAY,San Isidro,10/01/2020,0,0
RIZAL,CITY OF ANTIPOLO,San Jose (Pob.),10/01/2020,0,0
RIZAL,CITY OF ANTIPOLO,San Juan,10/01/2020,0,0
RIZAL,TAYTAY,San Juan,10/01/2020,0,0
RIZAL,CITY OF ANTIPOLO,San Luis,10/01/2020,0,0
RIZAL,ANGONO,San Pedro,10/01/2020,1,1
RIZAL,ANGONO,San Roque,10/01/2020,16,20
RIZAL,CITY OF ANTIPOLO,San Roque (Pob.),10/01/2020,0,0
RIZAL,ANGONO,San Vicente,10/01/2020,10,31
RIZAL,TAYTAY,Santa Ana,10/01/2020,0,0
RIZAL,CITY OF ANTIPOLO,Santa Cruz,10/01/2020,0,0
RIZAL,ANGONO,Santo Niño,10/01/2020,3,1
RIZAL,CITY OF ANTIPOLO,Bagong Nayon,11/01/2020,0,0
RIZAL,ANGONO,Bagumbayan,11/01/2020,2,2
RIZAL,CITY OF ANTIPOLO,Dela Paz (Pob.),11/01/2020,0,0
RIZAL,TAYTAY,Dolores (Pob.),11/01/2020,45,52
RIZAL,CITY OF ANTIPOLO,Beverly Hills,11/01/2020,0,0
RIZAL,CITY OF ANTIPOLO,Calawis,11/01/2020,0,0
RIZAL,CITY OF ANTIPOLO,Dalig,11/01/2020,0,0
RIZAL,CITY OF ANTIPOLO,Cupang,11/01/2020,0,0
RIZAL,CITY OF ANTIPOLO,Inarawan,11/01/2020,0,0
RIZAL,ANGONO,Kalayaan,11/01/2020,20,12
RIZAL,ANGONO,Mahabang Parang,11/01/2020,47,29
RIZAL,CITY OF ANTIPOLO,Mambugan,11/01/2020,0,0
RIZAL,CITY OF ANTIPOLO,Mayamot,11/01/2020,0,0
RIZAL,CITY OF ANTIPOLO,Muntingdilaw,11/01/2020,0,0
RIZAL,TAYTAY,Muzon,11/01/2020,0,0
RIZAL,ANGONO,Poblacion Ibaba,11/01/2020,8,5
RIZAL,ANGONO,Poblacion Itaas,11/01/2020,0,0
RIZAL,ANGONO,San Isidro,11/01/2020,40,49
RIZAL,TAYTAY,San Isidro,11/01/2020,26,30
RIZAL,CITY OF ANTIPOLO,San Jose (Pob.),11/01/2020,0,0
RIZAL,CITY OF ANTIPOLO,San Juan,11/01/2020,0,0
RIZAL,TAYTAY,San Juan,11/01/2020,0,0
RIZAL,CITY OF ANTIPOLO,San Luis,11/01/2020,0,0
RIZAL,ANGONO,San Pedro,11/01/2020,8,2
RIZAL,ANGONO,San Roque,11/01/2020,17,12
RIZAL,CITY OF ANTIPOLO,San Roque (Pob.),11/01/2020,0,0
RIZAL,ANGONO,San Vicente,11/01/2020,20,14
RIZAL,TAYTAY,Santa Ana,11/01/2020,0,0
RIZAL,CITY OF ANTIPOLO,Santa Cruz,11/01/2020,0,0
RIZAL,ANGONO,Santo Niño,11/01/2020,6,4
RIZAL,CITY OF ANTIPOLO,Bagong Nayon,12/01/2020,0,0
RIZAL,ANGONO,Bagumbayan,12/01/2020,0,0
RIZAL,CITY OF ANTIPOLO,Dalig,12/01/2020,0,0
RIZAL,CITY OF ANTIPOLO,Dela Paz (Pob.),12/01/2020,0,0
RIZAL,TAYTAY,Dolores (Pob.),12/01/2020,75,57
RIZAL,CITY OF ANTIPOLO,Beverly Hills,12/01/2020,0,0
RIZAL,CITY OF ANTIPOLO,Calawis,12/01/2020,0,0
RIZAL,CITY OF ANTIPOLO,Cupang,12/01/2020,0,0
RIZAL,CITY OF ANTIPOLO,Inarawan,12/01/2020,0,0
RIZAL,ANGONO,Kalayaan,12/01/2020,0,0
RIZAL,ANGONO,Mahabang Parang,12/01/2020,0,0
RIZAL,CITY OF ANTIPOLO,Mambugan,12/01/2020,0,0
RIZAL,CITY OF ANTIPOLO,Mayamot,12/01/2020,0,0
RIZAL,CITY OF ANTIPOLO,Muntingdilaw,12/01/2020,0,0
RIZAL,TAYTAY,Muzon,12/01/2020,0,0
RIZAL,ANGONO,Poblacion Ibaba,12/01/2020,0,0
RIZAL,ANGONO,Poblacion Itaas,12/01/2020,0,0
RIZAL,ANGONO,San Isidro,12/01/2020,0,0
RIZAL,TAYTAY,San Isidro,12/01/2020,23,40
RIZAL,CITY OF ANTIPOLO,San Jose (Pob.),12/01/2020,0,0
RIZAL,CITY OF ANTIPOLO,San Juan,12/01/2020,0,0
RIZAL,TAYTAY,San Juan,12/01/2020,73,70
RIZAL,CITY OF ANTIPOLO,San Luis,12/01/2020,0,0
RIZAL,ANGONO,San Pedro,12/01/2020,0,0
RIZAL,ANGONO,San Roque,12/01/2020,0,0
RIZAL,CITY OF ANTIPOLO,San Roque (Pob.),12/01/2020,0,0
RIZAL,ANGONO,San Vicente,12/01/2020,0,0
RIZAL,TAYTAY,Santa Ana,12/01/2020,0,0
RIZAL,CITY OF ANTIPOLO,Santa Cruz,12/01/2020,0,0
RIZAL,ANGONO,Santo Niño,12/01/2020,0,0
